Date,PC1,PC2,Equal_weighted_PC
2002-01-04,4.712771495576761,-1.7754781460273734,1.4686466747746938
2002-01-11,4.781498064333366,-1.7315163673985297,1.5249908484674184
2002-01-18,4.734864874643171,-1.8572988511117836,1.4387830117656937
2002-01-25,4.847077739577232,-1.5371375079201681,1.654970115828532
2002-02-01,5.00119817958241,-1.6112368198987201,1.6949806798418448
2002-02-08,4.798613001893086,-1.657949985424657,1.5703315082342146
2002-02-15,4.976360714750957,-1.5469628609885044,1.7146989268812263
2002-02-22,4.9392779265536735,-1.6905871007591409,1.6243454128972663
2002-03-01,4.952862497435378,-1.4166744340453024,1.7680940316950378
2002-03-08,4.790028236675489,-1.458171357387917,1.6659284396437863
2002-03-15,4.5575449683557885,-1.5572387499057356,1.5001531092250264
2002-03-22,4.639316264438088,-1.390165088090356,1.6245755881738662
2002-03-29,4.760450976341667,-1.357445225193973,1.7015028755738468
2002-04-05,4.69672169332853,-1.4732760952131463,1.611722799057692
2002-04-12,4.72130224960278,-1.4259084051136597,1.64769692224456
2002-04-19,4.613114884853417,-1.3990850049470065,1.607014939953205
2002-04-26,4.543823853638435,-1.4198507690321527,1.5619865423031412
2002-05-03,4.298411898893437,-1.6964136679585244,1.300999115467456
2002-05-10,4.293089241952534,-1.5557499404527693,1.3686696507498821
2002-05-17,4.145811913346237,-1.4068355988164216,1.3694881572649078
2002-05-24,4.16240642950181,-1.3237051032743317,1.4193506631137391
2002-05-31,4.040287628532422,-1.1750726023299443,1.4326075131012388
2002-06-07,3.983356747391458,-1.2036432110509552,1.3898567681702514
2002-06-14,4.106090373721695,-1.5623529982917332,1.271868687714981
2002-06-21,3.8245842942553985,-1.524710139006319,1.1499370776245397
2002-06-28,3.8362801687895556,-1.9553814301744157,0.94044936930757
2002-07-05,3.948142140955765,-1.9635725359334026,0.9922848025111812
2002-07-12,3.98134736967989,-2.172842454967128,0.9042524573563808
2002-07-19,3.785692755260109,-2.5493999740984914,0.6181463905808089
2002-07-26,3.9582161159982,-2.853258572746619,0.5524787716257906
2002-08-02,4.003693319185039,-2.802475914355422,0.6006087024148083
2002-08-09,4.003706402717307,-2.4397849440698725,0.7819607293237172
2002-08-16,3.975727643323978,-2.349180246586171,0.8132736983689035
2002-08-23,4.052611390278622,-2.222559327637208,0.9150260313207068
2002-08-30,4.139926174792459,-2.2599129588970794,0.9400066079476896
2002-09-06,4.0601400157428875,-2.4514510032477443,0.8043445062475716
2002-09-13,4.204543396079548,-2.3687328128304355,0.9179052916245563
2002-09-20,4.101165955623675,-2.4881511081063183,0.8065074237586785
2002-09-27,4.159303314465563,-2.595337588321826,0.7819828630718686
2002-10-04,4.129195423951377,-2.671609910839665,0.7287927565558561
2002-10-11,4.032243150834348,-2.6263868216625483,0.7029281645858998
2002-10-18,4.1687285123437485,-2.381001838363896,0.8938633369899263
2002-10-25,4.1105137342846865,-2.3349115521139336,0.8878010910853764
2002-11-01,3.8886402305507106,-2.4381038738158645,0.7252681783674231
2002-11-08,3.8862679352902205,-2.574658433969331,0.6558047506604447
2002-11-15,3.876542344459578,-2.608846136207201,0.6338481041261885
2002-11-22,4.069502671984716,-2.5312624281182736,0.7691201219332211
2002-11-29,3.982977012701255,-2.382166203584132,0.8004054045585616
2002-12-06,3.887505945608427,-2.5772986307440906,0.6551036574321683
2002-12-13,3.8438758521929905,-2.660881317832523,0.5914972671802339
2002-12-20,3.72899980608129,-2.8419621299735236,0.44351883805388326
2002-12-27,3.447925132683978,-3.0835762828401068,0.1821744249219357
2003-01-03,3.5374865947685787,-2.993700408341952,0.27189309321331345
2003-01-10,3.3759712930437735,-2.6867940954721696,0.34458859878580195
2003-01-17,3.28841276896688,-2.632707031462213,0.32785286875233344
2003-01-24,3.298869655238574,-2.699222196524451,0.29982372935706136
2003-01-31,3.4751800348139357,-2.8155842234554473,0.32979790567924416
2003-02-07,3.2954984416396145,-2.729303328906696,0.2830975563664593
2003-02-14,3.253561785801304,-2.613946956569299,0.3198074146160024
2003-02-21,3.059707240420658,-2.304706586156451,0.3775003271321036
2003-02-28,2.922045166037957,-2.0168511569599805,0.4525970045389882
2003-03-07,2.9586202916623274,-2.06989191075334,0.4443641904544937
2003-03-14,3.094211968609218,-2.13951214711063,0.477349910749294
2003-03-21,3.2702098685763628,-2.148661207641623,0.5607743304673698
2003-03-28,3.0803310991548667,-2.0186226676393093,0.5308542157577787
2003-04-04,3.180939171285414,-1.8217480919118916,0.6795955396867611
2003-04-11,3.316339423324695,-1.7242903030449237,0.7960245601398857
2003-04-18,3.2219484034026693,-1.6239804039367725,0.7989839997329484
2003-04-25,3.1757805669464334,-1.7226560298919873,0.726562268527223
2003-05-02,3.110314696897502,-1.496862843617726,0.8067259266398881
2003-05-09,2.859496396638848,-1.3408149135512257,0.7593407415438111
2003-05-16,2.8990258891058667,-1.2004767208582208,0.849274584123823
2003-05-23,2.8456663157299404,-1.244860369291452,0.8004029732192443
2003-05-30,2.9345995499370874,-1.2553549770668269,0.8396222864351303
2003-06-06,3.3022006639130974,-1.161431276578127,1.0703846936674852
2003-06-13,3.161467333513511,-1.030800240458646,1.0653335465274325
2003-06-20,3.387063765638247,-0.9951981998383043,1.1959327828999713
2003-06-27,3.4842109468642595,-0.8089291091118972,1.337640918876181
2003-07-04,3.5948918299164045,-0.7368424365657733,1.4290246966753157
2003-07-11,3.6001064509949607,-0.9388934953418787,1.330606477826541
2003-07-18,3.2565522219012077,-1.0583818808706722,1.0990851705152678
2003-07-25,3.260680149475402,-0.9390032087818337,1.1608384703467842
2003-08-01,3.3699581485675245,-1.1008845665487752,1.1345367910093747
2003-08-08,3.290936115397739,-1.0126901402268402,1.1391229875854494
2003-08-15,3.3518782171211763,-0.8443475159596552,1.2537653505807604
2003-08-22,3.6145561166408235,-0.7413546043507789,1.4366007561450223
2003-08-29,3.4756482944078964,-0.8195316588568078,1.3280583177755443
2003-09-05,3.3805473165820614,-0.8606203344518297,1.2599634910651158
2003-09-12,3.497770124512623,-0.6306915974338938,1.4335392635393647
2003-09-19,3.586878556485417,-0.6521273684640233,1.4673755940106967
2003-09-26,3.5009375722530054,-0.8126300982777979,1.3441537369876038
2003-10-03,3.475984821411017,-0.7386290735012553,1.3686778739548808
2003-10-10,3.2770465416244754,-0.5704557766687738,1.3532953824778509
2003-10-17,3.4905082492538964,-0.5043835274685189,1.4930623608926887
2003-10-24,3.428592788323502,-0.565664483616185,1.4314641523536586
2003-10-31,3.697819556210326,-0.34749650338374577,1.6751615264132902
2003-11-07,3.809761920871532,-0.18658855552627826,1.8115866826726268
2003-11-14,3.557234194341453,-0.19812967255101893,1.679552260895217
2003-11-21,3.3400202993880392,-0.40557665464821246,1.4672218223699134
2003-11-28,3.3882807680596776,-0.4648906375757121,1.4616950652419827
2003-12-05,3.2972992906625307,-0.38935259890117785,1.4539733458806765
2003-12-12,3.2733274060075956,-0.47830759068079476,1.3975099076634003
2003-12-19,3.3316830830517095,-0.7258837143824651,1.302899684334622
2003-12-26,3.3398185877124273,-0.5937272229824954,1.373045682364966
2004-01-02,3.322229754897254,-0.4355926600778877,1.4433185474096832
2004-01-09,3.4426539694964253,-0.48904227781538784,1.4768058458405187
2004-01-16,3.6178743382704153,-0.3162112181689257,1.6508315600507448
2004-01-23,3.5462695496647068,-0.48098394121072147,1.5326428042269926
2004-01-30,3.6672914627275572,-0.6050947125067864,1.5310983751103855
2004-02-06,3.54922017289549,-0.8103510038472128,1.3694345845241385
2004-02-13,3.828889362622409,-0.6114862748795893,1.60870154387141
2004-02-20,3.896061569819128,-0.7375090589389668,1.5792762554400805
2004-02-27,3.9573367658044223,-0.6997950064576811,1.6287708796733706
2004-03-05,3.962492957960683,-0.6616733383693072,1.6504098097956879
2004-03-12,3.790020885464059,-0.8318158141787502,1.4791025356426544
2004-03-19,3.8148193508955077,-0.782117357389039,1.5163509967532343
2004-03-26,3.8501994280082346,-0.6019318707667634,1.6241337786207355
2004-04-02,4.011949082348845,-0.4616034458745945,1.7751728182371251
2004-04-09,3.913146744847665,-0.4634455649589478,1.7248505899443587
2004-04-16,3.8662618082154863,-0.555162516663534,1.6555496457759762
2004-04-23,3.923725449309356,-0.5245880399041164,1.6995687047026198
2004-04-30,3.7754405835010743,-0.9219407829366995,1.4267499002821875
2004-05-07,3.8223911754998436,-1.2873536872954863,1.2675187441021787
2004-05-14,3.609430204391253,-1.3176663016116759,1.1458819513897884
2004-05-21,3.6257516188248777,-1.3421463924022654,1.1418026132113062
2004-05-28,3.5930263169109335,-1.4635562291707855,1.064735043870074
2004-06-04,3.475015964609316,-1.7958979842661098,0.8395589901716031
2004-06-11,3.5217562003831455,-1.7684595459304193,0.8766483272263631
2004-06-18,3.452900041088543,-1.9998695361968721,0.7265152524458354
2004-06-25,3.4565578055005104,-1.7156691868254614,0.8704443093375245
2004-07-02,3.339656730596445,-1.5043537675027743,0.9176514815468353
2004-07-09,3.385299889014971,-1.5544461501405855,0.9154268694371926
2004-07-16,3.501164381281661,-1.4002638256479563,1.0504502778168523
2004-07-23,3.6952033959058435,-1.3698978876118137,1.1626527541470149
2004-07-30,3.7617984069645174,-1.4226046540996,1.1695968764324587
2004-08-06,3.5688425858355703,-1.4563237520699093,1.0562594168828305
2004-08-13,3.4489119849800285,-1.530731262566769,0.9590903612066297
2004-08-20,3.4560943753801925,-1.2368337222608332,1.1096303265596796
2004-08-27,3.5945495200936577,-1.2985878063810032,1.1479808568563272
2004-09-03,3.3835005753854164,-1.4395399354076204,0.971980319988898
2004-09-10,3.3914486715211996,-1.5198969401902895,0.935775865665455
2004-09-17,3.466576453026158,-1.4468382165988083,1.0098691182136748
2004-09-24,3.46248499396002,-1.1949956436036893,1.1337446751781655
2004-10-01,3.359299649644484,-0.9926352800050082,1.1833321848197378
2004-10-08,3.341094425855744,-0.8292068466768989,1.2559437895894225
2004-10-15,3.2088708248190163,-1.0581350898696877,1.0753678674746643
2004-10-22,3.078171619707576,-1.0546741164643478,1.0117487516216142
2004-10-29,3.0021405013931517,-0.8777122700848943,1.0622141156541287
2004-11-05,2.9295702690391994,-0.7657005971758462,1.0819348359316767
2004-11-12,2.884459686805522,-0.6486624208349729,1.1178986329852745
2004-11-19,2.785947070040279,-0.5553258750113796,1.1153105975144497
2004-11-26,2.736868880776741,-0.6538448086692094,1.041512036053766
2004-12-03,2.877700795185746,-1.109258130194027,0.8842213324958595
2004-12-10,3.0469329213418948,-1.4166275709245795,0.8151526752086576
2004-12-17,3.147361768906843,-1.3870729732363376,0.8801443978352528
2004-12-24,2.948577153671189,-1.319852761888581,0.814362195891304
2004-12-31,2.8858222967679423,-0.9894474142847522,0.948187441241595
2005-01-07,3.1017422964534243,-1.00042846722374,1.0506569146148421
2005-01-14,3.0519146946262357,-0.9596817975338368,1.0461164485461993
2005-01-21,3.1364311019094173,-0.8859149845834197,1.1252580586629988
2005-01-28,3.2119446349382246,-0.8907906201643201,1.1605770073869524
2005-02-04,3.4073351850115396,-0.8226087363761171,1.2923632243177112
2005-02-11,3.3890758172489304,-0.503435173891447,1.4428203216787416
2005-02-18,3.224167569722355,-0.7330417278248277,1.2455629209487638
2005-02-25,3.126409227337285,-0.9793082721930945,1.0735504775720954
2005-03-04,3.2221556539675427,-0.9167673206653159,1.1526941666511135
2005-03-11,3.0358352781325766,-0.9077413707797016,1.0640469536764374
2005-03-18,3.1546214032346915,-0.7998882021831264,1.1773666005257826
2005-03-25,3.2593478354762846,-0.7309587198016214,1.2641945578373317
2005-04-01,3.3436253880764335,-0.7289245411506808,1.3073504234628763
2005-04-08,3.2984526101167173,-0.8529866352816776,1.22273298741752
2005-04-15,3.372852881604891,-0.9990157177772715,1.1869185819138097
2005-04-22,3.290319322608422,-0.9981860927463913,1.1460666149310152
2005-04-29,3.3898719835888595,-1.0072360519284904,1.1913179658301845
2005-05-06,3.4545563748595236,-0.943920189806426,1.2553180925265488
2005-05-13,3.3834785041712085,-0.9172841382658725,1.233097182952668
2005-05-20,3.358267794239782,-0.8415539693284826,1.2583569124556497
2005-05-27,3.3315013914337053,-0.7060499673919235,1.3127257120208908
2005-06-03,3.462652063076759,-0.6141171010584375,1.424267481009161
2005-06-10,3.599466766575514,-0.4851915668859204,1.5571375998447967
2005-06-17,3.6316005313470727,-0.26839492346074656,1.681602803943163
2005-06-24,3.743409406509688,-0.26053484779441227,1.7414372793576378
2005-07-01,3.6690139456347515,-0.17785163192403994,1.7455811568553559
2005-07-08,3.5451356612480818,-0.0526716882806205,1.7462319864837306
2005-07-15,3.597074974011108,-0.023053090661661894,1.787010941674723
2005-07-22,3.604694669404319,0.30976174909255066,1.9572282092484348
2005-07-29,3.569194868427948,0.01663713993592055,1.7929160041819343
2005-08-05,3.4442728310169004,-0.0021927467894736928,1.7210400421137133
2005-08-12,3.448808853505854,-0.17189400894130294,1.6384574222822756
2005-08-19,3.592797310636284,-0.32478488161300506,1.6340062145116394
2005-08-26,3.481617450818968,-0.2820615220260609,1.5997779643964536
2005-09-02,3.399045390360369,-0.4331098189950412,1.482967785682664
2005-09-09,3.5245651891822574,-0.16123960985137167,1.6816627896654428
2005-09-16,3.6342129567010883,-0.04340424930186434,1.795404353699612
2005-09-23,3.700320494103953,0.16179173738487837,1.9310561157444157
2005-09-30,3.6528984759214986,0.26412378304554,1.9585111294835194
2005-10-07,3.467796047568446,0.059743278872133695,1.7637696632202897
2005-10-14,3.566212416709405,-0.057016298395017775,1.7545980591571935
2005-10-21,3.6122799344592766,-0.11143585002430963,1.7504220422174834
2005-10-28,3.523025544932911,-0.15409291892539012,1.6844663130037603
2005-11-04,3.6325260802182604,-0.151819651131656,1.7403532145433023
2005-11-11,3.6265749594433614,-0.15491539316368977,1.7358297831398357
2005-11-18,3.554587126627832,-0.027189581227285597,1.763698772700273
2005-11-25,3.5815192423724094,0.0757684989353392,1.8286438706538743
2005-12-02,3.678171475573307,0.16340588020157293,1.92078867788744
2005-12-09,3.645980655128744,0.11898697377257116,1.8824838144506575
2005-12-16,3.611881243135934,-0.049715851941740816,1.7810826955970966
2005-12-23,3.637336486170414,-0.017150615068520964,1.8100929355509465
2005-12-30,3.5845243826936977,0.08531791398777101,1.8349211483407344
2006-01-06,3.424503694788668,0.0038069827348217082,1.7141553387617448
2006-01-13,3.521699694509366,0.009847563518536478,1.7657736290139512
2006-01-20,3.4962174397160277,0.047084588093606036,1.771651013904817
2006-01-27,3.5666226915875736,0.12640923502087906,1.8465159633042263
2006-02-03,3.6429613021171923,0.17105602960473737,1.9070086658609648
2006-02-10,3.6517370128690927,0.10579919640572298,1.8787681046374078
2006-02-17,3.6996455234175336,0.23865429321742102,1.9691499083174773
2006-02-24,3.7887640706737864,0.30476160785900447,2.0467628392663952
2006-03-03,3.6574251726521227,0.3186819287536877,1.9880535507029053
2006-03-10,3.709518603922684,0.32370679165431465,2.0166126977884993
2006-03-17,3.6086941278584095,0.06310094352322544,1.8358975356908174
2006-03-24,3.7435254934236446,0.004927820444167051,1.8742266569339059
2006-03-31,3.6606425509521796,0.07311951164382671,1.866881031298003
2006-04-07,3.6954913969922276,0.35115319754426244,2.023322297268245
2006-04-14,3.6902521393080865,0.2737014731467738,1.98197680622743
2006-04-21,3.635690921110471,0.24859501119148264,1.9421429661509768
2006-04-28,3.5283367195001594,0.2732338735590291,1.9007852965295942
2006-05-05,3.5880694477957653,0.38066967007998953,1.9843695589378774
2006-05-12,3.476521155424418,0.18584909508148253,1.8311851252529503
2006-05-19,3.5850798939869684,0.1037448012307246,1.8444123476088465
2006-05-26,3.559322270473413,0.14608201174654417,1.8527021411099784
2006-06-02,3.504687087857737,-0.06802615578549809,1.7183304660361196
2006-06-09,3.499221271188794,0.06489055224848242,1.7820559117186383
2006-06-16,3.5615282001151183,-0.09739053703877384,1.7320688315381723
2006-06-23,3.584856851725056,0.05282261162738477,1.8188397316762204
2006-06-30,3.5109742552984295,0.05788856273838092,1.7844314090184052
2006-07-07,3.548839239821473,0.20932005519475444,1.8790796475081137
2006-07-14,3.5607537512648517,0.20392503157927114,1.8823393914220614
2006-07-21,3.688337979439705,0.058328489832385234,1.8733332346360452
2006-07-28,3.726693441310981,0.37296657564026886,2.049830008475625
2006-08-04,3.830366752908666,0.10132595416918304,1.9658463535389243
2006-08-11,3.928667090579206,0.21219550592245945,2.0704312982508326
2006-08-18,3.7710724819995085,0.007132619580769069,1.889102550790139
2006-08-25,3.8608976159094537,0.10366888719101373,1.9822832515502338
2006-09-01,3.8420961184038647,0.03857338279182921,1.940334750597847
2006-09-08,3.8256826390781966,0.08123346208983605,1.9534580505840162
2006-09-15,3.9276743003885675,-0.10764318689211096,1.9100155567482282
2006-09-22,3.817458353040102,-0.32281041346375555,1.747323969788173
2006-09-29,3.841427086650342,-0.15456547779333182,1.843430804428505
2006-10-06,3.9117619082704365,-0.24276662846569463,1.834497639902371
2006-10-13,3.9905893117776223,-0.01471563354706282,1.9879368391152799
2006-10-20,3.979782447021816,-0.06710751509631198,1.9563374659627522
2006-10-27,3.99412020448248,0.06986616854702996,2.031993186514755
2006-11-03,4.043680241746532,0.022077799943013895,2.032879020844773
2006-11-10,3.9723004787389833,-0.10081628410137164,1.9357420973188058
2006-11-17,3.932906885185488,-0.05754518515241214,1.937680850016538
2006-11-24,3.752204573933405,-0.18720392963988536,1.78250032214676
2006-12-01,3.830754823715451,-0.3974610191741264,1.7166469022706623
2006-12-08,3.8175615221290666,-0.31152772212639823,1.7530169000013343
2006-12-15,3.96954329967072,-0.3514148433343923,1.809064228168164
2006-12-22,3.969022301708412,-0.41522471135677724,1.7768987951758173
2006-12-29,3.985112399650267,-0.37115246393024387,1.8069799678600116
2007-01-05,4.020122471749851,-0.28883940136912695,1.8656415351903621
2007-01-12,4.287176498902843,-0.2699027071410098,2.0086368958809167
2007-01-19,4.3743946715429045,-0.2520571803757232,2.0611687455835908
2007-01-26,4.334835633898737,-0.496767046214495,1.919034293842121
2007-02-02,4.330039385481334,-0.465593920821638,1.9322227323298482
2007-02-09,4.271091395582771,-0.3085818433377352,1.981254776122518
2007-02-16,4.130959040791868,-0.24714049799177767,1.9419092714000454
2007-02-23,4.178093342535605,-0.2507579700345554,1.9636676862505247
2007-03-02,3.8975885233261014,-0.4108039346495984,1.7433922943382516
2007-03-09,4.0363270790263375,-0.30572302237662785,1.8653020283248547
2007-03-16,3.8147948883349634,-0.26062359962486764,1.7770856443550478
2007-03-23,4.049603607909836,-0.12316243671589797,1.9632205855969689
2007-03-30,4.052484327681269,-0.09208339699567211,1.9802004653427987
2007-04-06,4.1320464568564415,0.06427540930815355,2.0981609330822977
2007-04-13,4.191004827044792,0.21382162415448028,2.2024132255996363
2007-04-20,4.192420445446745,0.18911866021439092,2.190769552830568
2007-04-27,4.1373694452218,0.12919049693583015,2.133279971078815
2007-05-04,4.164552635827756,0.14279240593691872,2.1536725208823375
2007-05-11,4.213801343770791,0.37689992364063657,2.2953506337057137
2007-05-18,4.272487921838754,0.3981643546822548,2.335326138260504
2007-05-25,4.3067951807247224,0.36202605959361106,2.334410620159167
2007-06-01,4.341783503340056,0.6050864468442688,2.4734349750921627
2007-06-08,4.35435889529305,0.776979012534619,2.5656689539138346
2007-06-15,4.456714124958913,0.7663285090852427,2.611521317022078
2007-06-22,4.435162783278561,0.6541861722138245,2.544674477746193
2007-06-29,4.39092903978334,0.5732079023707738,2.482068471077057
2007-07-06,4.388465387328399,0.7292331627874142,2.5588492750579066
2007-07-13,4.354122603605461,0.7640321528573526,2.559077378231407
2007-07-20,4.442236633151569,0.7501019281222867,2.5961692806369276
2007-07-27,4.320397122303451,0.525171110313364,2.4227841163084074
2007-08-03,4.202764057308194,0.490945797341001,2.3468549273245976
2007-08-10,4.208068516340726,0.5078829525131291,2.3579757344269274
2007-08-17,4.055909150643375,0.18131933034973927,2.118614240496557
2007-08-24,4.186897265061665,0.4168130852016842,2.3018551751316747
2007-08-31,4.282516708712468,0.3856066149054316,2.3340616618089496
2007-09-07,4.157473268874873,0.4498491280169953,2.3036611984459343
2007-09-14,4.1002376036331905,0.7722642105516677,2.436250907092429
2007-09-21,4.0011561280183905,1.0270810004676816,2.514118564243036
2007-09-28,4.0777091874508375,1.197928461632776,2.6378188245418066
2007-10-05,4.243658778261761,1.4799861589615124,2.8618224686116367
2007-10-12,4.319504742672171,1.6067448202305248,2.9631247814513477
2007-10-19,4.167448091755423,1.4232603022588013,2.795354197007112
2007-10-26,4.204972450073051,1.7693898038305573,2.9871811269518043
2007-11-02,4.277827920939369,1.8204768589741651,3.0491523899567667
2007-11-09,3.8583654910712317,1.4135263470659587,2.635945919068595
2007-11-16,3.59654963147244,1.0791384571949467,2.3378440443336936
2007-11-23,3.4093903077475467,0.6336057121745705,2.0214980099610584
2007-11-30,3.7542857166989894,0.8460693169655946,2.300177516832292
2007-12-07,3.5732788987203157,0.7143245616240054,2.1438017301721604
2007-12-14,3.758769221095382,0.641945297161583,2.2003572591284826
2007-12-21,3.670201929043259,1.003960217964354,2.3370810735038066
2007-12-28,3.4171238118170684,0.9263463100012668,2.1717350609091675
2008-01-04,3.0652730631875835,0.7554987117749834,1.9103858874812834
2008-01-11,2.946671020337118,0.8983776374886857,1.922524328912902
2008-01-18,2.871907998944932,0.7986795694885647,1.8352937842167483
2008-01-25,2.968581883626323,0.7475015331944292,1.8580417084103762
2008-02-01,2.849625780975975,1.0569866690274488,1.953306225001712
2008-02-08,2.870880200941422,1.0634993879236962,1.9671897944325591
2008-02-15,2.866324192845099,1.095221269141579,1.9807727309933392
2008-02-22,2.829002391442766,1.1475884532068958,1.988295422324831
2008-02-29,2.418298444173453,1.1041500785203238,1.7612242613468885
2008-03-07,2.3453152672694433,0.869173934814516,1.6072446010419796
2008-03-14,2.043169971434727,0.7280548154147809,1.385612393424754
2008-03-21,1.9622020398346165,0.35872624795307967,1.160464143893848
2008-03-28,1.897875316036862,0.44391200280000426,1.1708936594184332
2008-04-04,2.0552019316085133,0.710252263727203,1.382727097667858
2008-04-11,1.9096671798928704,0.7268471651092548,1.3182571725010626
2008-04-18,2.2692039292418067,0.9422938759403067,1.6057489025910567
2008-04-25,2.4030285047516173,1.0882370786191469,1.7456327916853822
2008-05-02,2.6386065998299784,1.2875075849244708,1.9630570923772246
2008-05-09,2.3870707742106108,1.4649276690037045,1.9259992216071575
2008-05-16,2.523355947517876,1.6937732409262267,2.1085645942220514
2008-05-23,2.3321704047241414,1.5164517271307505,1.924311065927446
2008-05-30,2.5427323535393995,1.555663346139293,2.0491978498393464
2008-06-06,2.241398275008008,1.5259467556871429,1.8836725153475755
2008-06-13,2.432466629658389,1.5005363483990344,1.9665014890287116
2008-06-20,2.4566995309927746,1.5381909986026296,1.9974452647977021
2008-06-27,2.3488907611938767,1.5129168516775675,1.930903806435722
2008-07-04,2.3900860017378216,1.5906943386444914,1.9903901701911564
2008-07-11,2.338201393326293,1.6155200145214483,1.9768607039238706
2008-07-18,2.452578767315366,1.6845501539497256,2.0685644606325457
2008-07-25,2.581888009351964,1.660465505090431,2.1211767572211975
2008-08-01,2.6326266236180005,1.4472254890656708,2.0399260563418355
2008-08-08,2.6712384596954006,1.161944109560673,1.9165912846280369
2008-08-15,2.501639351282977,1.069044327248674,1.7853418392658256
2008-08-22,2.4874550837838476,1.1609802985651672,1.8242176911745074
2008-08-29,2.356809854748562,1.1428450310970335,1.7498274429227978
2008-09-05,2.214932928884523,0.9740625196329062,1.5944977242587148
2008-09-12,2.4988171143045044,1.0715812342674509,1.7851991742859776
2008-09-19,2.386563941334633,0.8911010267047283,1.6388324840196806
2008-09-26,2.289991761189143,0.7957663482880318,1.5428790547385873
2008-10-03,2.1944632690500914,0.2296234657495089,1.2120433673998001
2008-10-10,1.8231258949833251,-1.7949128110025212,0.014106541990401955
2008-10-17,1.9519649103753987,-1.179693538245197,0.38613568606510085
2008-10-24,1.4745288943402854,-1.7390135071886017,-0.13224230642415813
2008-10-31,1.4733805561843145,-0.915683290604437,0.27884863278993877
2008-11-07,1.4964418678968363,-0.47634244371320267,0.5100497120918168
2008-11-14,1.1850762244968394,-0.39177135859912265,0.3966524329488583
2008-11-21,1.56531483324272,-0.7155838246146736,0.4248655043140232
2008-11-28,1.7784751195911945,-0.4519206809276262,0.6632772193317842
2008-12-05,1.5363880261206195,-0.26507691536696565,0.6356555553768269
2008-12-12,1.3301874772453512,-0.23027398718383785,0.5499567450307568
2008-12-19,0.5589290142057907,-0.3522660492552459,0.10333148247527238
2008-12-26,0.049549043797248164,-0.32284435834874115,-0.1366476572757465
2009-01-02,0.1562559841155286,0.18905906478184203,0.17265752444868532
2009-01-09,0.7195433517468068,-0.03374869073884504,0.3428973305039809
2009-01-16,0.5552207757093369,-0.231546179962686,0.16183729787332546
2009-01-23,0.434850408640362,0.20823978794330308,0.32154509829183253
2009-01-30,0.8654119484361384,-0.24876919146101442,0.308321378487562
2009-02-06,1.0739999133308045,0.22834924662297512,0.6511745799768898
2009-02-13,0.8046276914125065,0.08026045289761284,0.44244407215505965
2009-02-20,0.765923043714017,-0.15380981673351962,0.3060566134902487
2009-02-27,0.8695866545807946,-0.09789925992690467,0.385843697326945
2009-03-06,0.6221692296774384,-0.09488000484994537,0.2636446124137465
2009-03-13,0.8511526086375787,0.2432034020612268,0.5471780053494028
2009-03-20,0.5678049694364924,0.1310154387747524,0.3494102041056224
2009-03-27,0.6159993298394467,0.28084469464378975,0.44842201224161826
2009-04-03,0.7742330851329601,0.31583499627776507,0.5450340407053625
2009-04-10,0.9139242089232262,0.5994674954217702,0.7566958521724982
2009-04-17,1.1122452335316604,0.822268846374924,0.9672570399532923
2009-04-24,0.8000728379735629,0.7534178167200523,0.7767453273468076
2009-05-01,0.9126987997769342,0.8777076885468633,0.8952032441618988
2009-05-08,0.8282524648172546,1.1431169498622968,0.9856847073397756
2009-05-15,0.9187100536392435,0.9385536991961136,0.9286318764176786
2009-05-22,0.9732645762133892,0.9831853416571946,0.9782249589352919
2009-05-29,0.9089506735958153,1.0574839403504548,0.983217306973135
2009-06-05,1.0106002231965898,1.1063798637004474,1.0584900434485185
2009-06-12,1.1646412048396566,1.0789453889573815,1.121793296898519
2009-06-19,1.1875753567750138,0.9005907898351121,1.044083073305063
2009-06-26,1.2411669195753514,0.8429583071263888,1.0420626133508701
2009-07-03,1.1821430460735514,0.8485250810521564,1.0153340635628538
2009-07-10,1.0746535316723185,0.591533438619262,0.8330934851457903
2009-07-17,1.0715032750223872,0.9525603670699719,1.0120318210461796
2009-07-24,1.096593112017426,1.1570974642520309,1.1268452881347284
2009-07-31,1.2274533263093315,1.3212850148819435,1.2743691705956375
2009-08-07,1.3341849660520897,1.33739217068518,1.3357885683686348
2009-08-14,1.1384650831027183,1.1481734527817036,1.143319267942211
2009-08-21,0.978836909158479,1.1525195290389476,1.0656782190987133
2009-08-28,0.8979947632639618,1.3098560023923962,1.103925382828179
2009-09-04,0.9776690388421637,1.3971122084868486,1.1873906236645062
2009-09-11,0.874174849343014,1.284076858430564,1.079125853886789
2009-09-18,0.6322865130926302,1.4547419742752314,1.0435142436839309
2009-09-25,0.44513407886221057,1.4004831586531412,0.9228086187576758
2009-10-02,0.5161791478486543,1.4687989114169746,0.9924890296328144
2009-10-09,0.538388288634748,2.086028406117274,1.3122083473760109
2009-10-16,0.640330942088762,1.996682320199891,1.3185066311443263
2009-10-23,0.5062509678146574,1.8812752108795505,1.193763089347104
2009-10-30,0.7219524179473595,1.7310346588842682,1.2264935384158138
2009-11-06,0.7374436879978223,1.8952338166749514,1.316338752336387
2009-11-13,0.7298180317691498,2.0160874379692704,1.37295273486921
2009-11-20,0.6947063784508329,1.9144626692529434,1.3045845238518883
2009-11-27,0.5449424194561687,1.859593353974916,1.2022678867155423
2009-12-04,0.6680751106570004,2.034337813287704,1.3512064619723523
2009-12-11,0.7528991824542897,2.074641884383311,1.4137705334188004
2009-12-18,0.7205094707130587,1.8966655677591102,1.3085875192360845
2009-12-25,0.5707114101718062,1.9401670921420002,1.2554392511569032
2010-01-01,0.6364592213923557,1.8926081949410682,1.264533708166712
2010-01-08,0.5114481872285332,2.289312783171848,1.4003804852001907
2010-01-15,0.638675127908587,2.1988576054799664,1.4187663666942767
2010-01-22,0.6864561441714802,2.08780583971301,1.3871309919422452
2010-01-29,0.8008751635243083,2.0053340748703414,1.4031046191973249
2010-02-05,0.7382121201252728,2.0424303947043585,1.3903212574148156
2010-02-12,0.8374430914678123,2.348575855670019,1.5930094735689158
2010-02-19,0.7612572909639533,2.6127042587940634,1.6869807748790084
2010-02-26,0.6298358785547806,2.5835220022835985,1.6066789404191897
2010-03-05,0.6355206103950689,2.909571646012181,1.772546128203625
2010-03-12,0.5079727609030501,2.9348066604757697,1.7213897106894098
2010-03-19,0.4249943823699926,2.9469921439826456,1.685993263176319
2010-03-26,0.36936044329154666,2.8286483572707812,1.5990044002811639
2010-04-02,0.517766369499463,2.982162948714373,1.749964659106918
2010-04-09,0.6746218209673904,3.1173663261890114,1.8959940735782008
2010-04-16,0.5955904769874819,2.988259588501044,1.791925032744263
2010-04-23,0.7319721262351271,3.0759671244726317,1.9039696253538794
2010-04-30,0.6978577222831999,2.941346160628385,1.8196019414557925
2010-05-07,0.6623693578968672,2.696008064424724,1.6791887111607957
2010-05-14,0.791105338828335,2.96279322897712,1.8769492839027275
2010-05-21,0.8465843507383961,2.37713574131409,1.611860046026243
2010-05-28,0.944750411395978,2.670439712952457,1.8075950621742176
2010-06-04,0.8674252076582887,2.319329573538948,1.5933773905986184
2010-06-11,0.8512674848050275,2.6262343114260633,1.7387508981155455
2010-06-18,0.5942746392771027,2.563136799025527,1.578705719151315
2010-06-25,0.49878199384973276,2.3230553937494838,1.4109186937996083
2010-07-02,0.1587670682997207,1.6769748155392226,0.9178709419194716
2010-07-09,0.1306442288972436,2.1955163966453735,1.1630803127713085
2010-07-16,0.15816297603149002,1.871182010266644,1.0146724931490672
2010-07-23,0.32584537654177564,2.2102360444165456,1.2680407104791607
2010-07-30,0.3236916648125791,2.2196926082831876,1.2716921365478833
2010-08-06,0.46963720179912477,2.293019225345661,1.3813282135723928
2010-08-13,0.3390650872987836,2.2217566798980104,1.280410883598397
2010-08-20,0.09982524775008726,2.1318500128527713,1.1158376303014292
2010-08-27,0.03502211482203776,2.129195104875128,1.0821086098485828
2010-09-03,-0.0755721036498919,2.3224463840284604,1.1234371401892842
2010-09-10,-0.10191619340520261,2.45719861216938,1.1776412093820887
2010-09-17,-0.012060813981547722,2.501306422333157,1.2446228041758045
2010-09-24,-0.14348885984412563,2.594765343625452,1.225638241890663
2010-10-01,-0.19562877834390224,2.6667095257839084,1.235540373720003
2010-10-08,-0.23135986287463114,2.687149243416573,1.2278946902709709
2010-10-15,-0.2447729939002476,2.742843766222207,1.2490353861609798
2010-10-22,-0.15878461715253323,2.8537339696463855,1.347474676246926
2010-10-29,0.03212279511416055,2.663257862038874,1.3476903285765172
2010-11-05,-0.10821510578998134,2.785040658727496,1.3384127764687574
2010-11-12,0.013784351789922667,2.632915794525891,1.3233500731579069
2010-11-19,0.07709185897462484,2.679631310161296,1.3783615845679604
2010-11-26,-0.03363633930549963,2.7514559214200762,1.3589097910572883
2010-12-03,-0.21925180423334525,2.860217519829364,1.3204828577980094
2010-12-10,-0.167939389012444,2.887157772370001,1.3596091916787785
2010-12-17,-0.39535810271598737,3.0315230083955886,1.3180824528398007
2010-12-24,-0.5091642760409573,3.1536687968979322,1.3222522604284874
2010-12-31,-0.7589401436797893,2.975722953897484,1.1083914051088473
2011-01-07,-0.469172121901946,2.993457105163403,1.2621424916307284
2011-01-14,-0.3320503078363698,2.7658667390783043,1.2169082156209672
2011-01-21,-0.3005939854514665,2.749367088135037,1.2243865513417853
2011-01-28,-0.5813656396732876,2.593951323708933,1.0062928420178228
2011-02-04,-0.26705484930469264,2.9587646385189643,1.3458548946071358
2011-02-11,-0.09440213241553598,3.0259120430795248,1.4657549553319944
2011-02-18,-0.3047365851855435,2.931999617276602,1.3136315160455294
2011-02-25,-0.536736551734764,3.0266253524842277,1.2449444003747319
2011-03-04,-0.46171475046471927,3.057238665392637,1.2977619574639587
2011-03-11,-0.5060504886693973,3.0999194779161594,1.2969344946233812
2011-03-18,-0.7970808174407563,2.6795256047000935,0.9412223936296686
2011-03-25,-0.610940725391045,3.096193447157781,1.242626360883368
2011-04-01,-0.4898632594611714,3.2359871470129398,1.3730619437758842
2011-04-08,-0.5579936622936353,3.182718694762117,1.312362516234241
2011-04-15,-0.7915213130379501,2.96409502132523,1.08628685414364
2011-04-22,-0.7485599353841262,3.093760903011477,1.1726004838136754
2011-04-29,-0.87019464382254,3.1737604499627494,1.1517829030701048
2011-05-06,-0.9366454803669129,3.0469111078187185,1.0551328137259028
2011-05-13,-0.8716264001656205,3.0585456193639393,1.0934596095991593
2011-05-20,-1.0478036180015171,2.9574355055854733,0.9548159437919781
2011-05-27,-1.3146185086671036,2.553160027131877,0.6192707592323866
2011-06-03,-1.5062766537462056,2.5159499328433803,0.5048366395485874
2011-06-10,-1.5386094515535413,2.3508153703407415,0.4061029593936001
2011-06-17,-1.447117601367075,2.586788477085933,0.5698354378594289
2011-06-24,-1.788935804592084,2.353503120774771,0.2822836580913435
2011-07-01,-1.4539731987436058,2.78349438281319,0.6647605920347922
2011-07-08,-1.6686712516002555,2.580455538377628,0.4558921433886862
2011-07-15,-1.9714412527096328,2.2405571793477783,0.13455796331907277
2011-07-22,-1.8103477350714727,2.3651520992731228,0.277402182100825
2011-07-29,-2.2005146484184435,2.1433945233425087,-0.02856006253796739
2011-08-05,-2.5462731142185655,1.4887168653854757,-0.5287781244165449
2011-08-12,-2.457544858067429,1.5434726633661586,-0.4570360973506352
2011-08-19,-2.2470994720327053,1.6907889651191774,-0.27815525345676395
2011-08-26,-1.9759475156874275,1.956205621832442,-0.009870946927492796
2011-09-02,-2.3060418478428915,1.8862548016302347,-0.20989352310632836
2011-09-09,-1.2490853065326324,2.5678057403513788,0.6593602169093732
2011-09-16,-1.3959954694289074,2.423937194079256,0.5139708623251742
2011-09-23,-1.270920384175732,2.1275843100094276,0.42833196291684783
2011-09-30,-1.2259580160378656,1.9769468885315895,0.37549443624686196
2011-10-07,-0.9799673143087894,2.2306751161262652,0.6253539009087379
2011-10-14,-1.1543555222368607,2.5501769514396515,0.6979107146013954
2011-10-21,-1.2043942262867078,2.512813999656597,0.6542098866849446
2011-10-28,-1.30595454990839,2.6769634862124683,0.6855044681520391
2011-11-04,-1.156251387450096,2.525697930722677,0.6847232716362904
2011-11-11,-0.946227744807921,2.58848914759078,0.8211307013914295
2011-11-18,-0.9153005908851872,2.564535118068662,0.8246172635917375
2011-11-25,-0.9771635100797336,2.3903988185656035,0.706617654242935
2011-12-02,-0.930484722258267,2.797890006547727,0.9337026421447301
2011-12-09,-0.86670607473246,2.8223733109432554,0.9778336181053977
2011-12-16,-0.8715528719465245,2.6336355525113535,0.8810413402824144
2011-12-23,-0.798899126713327,2.817625535221851,1.009363204254262
2011-12-30,-0.8104173282288669,2.913131482892676,1.0513570773319045
2012-01-06,-0.6726066882336834,3.0072197106007703,1.1673065111835434
2012-01-13,-0.7373172862257809,3.0644392289076787,1.163560971340949
2012-01-20,-0.8059578464796759,3.0451673745711587,1.1196047640457414
2012-01-27,-0.9594845746574355,2.987995771230322,1.0142555982864432
2012-02-03,-0.8274040079941227,3.1017443645466134,1.1371701782762453
2012-02-10,-0.8940537712483742,3.0098006769105097,1.0578734528310678
2012-02-17,-0.8334162814206304,3.0334190496221094,1.1000013841007394
2012-02-24,-1.0849357485622384,2.8168239883247024,0.865944119881232
2012-03-02,-0.8739278062686389,3.0872677978239107,1.106669995777636
2012-03-09,-0.9170897788264514,3.0054538401653677,1.0441820306694582
2012-03-16,-0.8890239007359326,2.9326435309353043,1.0218098150996857
2012-03-23,-0.9945123693366432,2.7215826452920004,0.8635351379776786
2012-03-30,-1.0304725594637327,2.494272457416916,0.7318999489765916
2012-04-06,-0.9338866557187318,2.567206580432803,0.8166599623570355
2012-04-13,-0.9080482227986386,2.6495120487897954,0.8707319129955784
2012-04-20,-0.9054807085722432,2.569922911026894,0.8322211012273254
2012-04-27,-0.8595782368326339,2.6456958182333503,0.8930587907003582
2012-05-04,-0.8230795165926356,2.499919485154023,0.8384199842806936
2012-05-11,-0.7567024517923114,2.458751239556006,0.8510243938818474
2012-05-18,-0.7693629204844158,2.4662763211684626,0.8484567003420234
2012-05-25,-0.6471728775665158,2.509382693647379,0.9311049080404317
2012-06-01,-0.7193385578568633,2.51178886915129,0.8962251556472134
2012-06-08,-0.6985199820974339,2.6735391768936956,0.9875095973981308
2012-06-15,-0.6899470370803494,2.6482872658911587,0.9791701144054046
2012-06-22,-0.684381816824455,2.6669677112140495,0.9912929471947973
2012-06-29,-0.6706260889179555,2.7791218459938882,1.0542478785379663
2012-07-06,-0.4517665758945988,3.003021613501474,1.2756275188034376
2012-07-13,-0.37539273594834144,3.0526936143323837,1.338650439192021
2012-07-20,-0.24082694804790689,3.264278173009972,1.5117256124810325
2012-07-27,-0.3063474347532924,3.249894889637869,1.4717737274422884
2012-08-03,-0.3825246202613207,3.310256814672012,1.4638660972053457
2012-08-10,-0.2814895420063833,3.4138454015304873,1.566177929762052
2012-08-17,-0.34709398582363415,3.2512030980112168,1.4520545560937914
2012-08-24,-0.4654427712265622,3.063987369330099,1.2992722990517684
2012-08-31,-0.5036137958078624,2.9909979800332858,1.2436920921127117
2012-09-07,-0.5380002918674298,2.9319927735140583,1.1969962408233141
2012-09-14,-0.6094002477361302,2.8970347378591415,1.1438172450615056
2012-09-21,-0.5740018490731814,2.788756956042388,1.1073775534846033
2012-09-28,-0.5499090505615759,2.7055723072383424,1.0778316283383833
2012-10-05,-0.6992635356471383,2.5052677996142823,0.9030021319835719
2012-10-12,-0.6755226237990972,2.6147431625832898,0.9696102693920963
2012-10-19,-0.7416484063100907,2.676264159809624,0.9673078767497667
2012-10-26,-0.6244724988981157,2.6843177688804842,1.0299226349911843
2012-11-02,-0.6150625276644702,2.679456386867606,1.0321969296015678
2012-11-09,-0.5555802913715097,2.8901511015798143,1.1672854051041524
2012-11-16,-0.6029673566012245,2.8346652375215067,1.115848940460141
2012-11-23,-0.7160822414175343,2.7805591259706057,1.0322384422765358
2012-11-30,-0.7350459076682251,2.761528958650851,1.013241525491313
2012-12-07,-0.6352617711730438,2.810176513003026,1.087457370914991
2012-12-14,-0.7583328238390654,2.6917179241362144,0.9666925501485745
2012-12-21,-0.8002302406157582,2.594566338885278,0.8971680491347599
2012-12-28,-0.8430155731808793,2.5402977878978237,0.8486411073584722
2013-01-04,-0.7354857493115372,2.746465542620643,1.0054898966545527
2013-01-11,-0.8068358404808165,2.7132580596846214,0.9532111096019025
2013-01-18,-0.6370919407760289,2.87023476688444,1.1165714130542055
2013-01-25,-0.7730421046667959,2.677435356727456,0.9521966260303301
2013-02-01,-1.0388998998582444,2.53390914528551,0.7475046227136327
2013-02-08,-0.9335372841768093,2.503274693086221,0.7848687044547059
2013-02-15,-0.995739429995595,2.518013338750535,0.76113695437747
2013-02-22,-1.0135636920449982,2.6736683913285875,0.8300523496417946
2013-03-01,-0.9755086172797893,2.7218585748239823,0.8731749787720965
2013-03-08,-0.9067044903394398,2.867760787204939,0.9805281484327497
2013-03-15,-0.9361402359503099,2.952719377663474,1.008289570856582
2013-03-22,-0.8810637078146947,2.8922040324290883,1.0055701623071969
2013-03-29,-0.8088830080958002,2.935882074777077,1.0634995333406383
2013-04-05,-0.9356387814167135,2.7064544440490708,0.8854078313161786
2013-04-12,-0.9851365279780623,2.7479857628414854,0.8814246174317115
2013-04-19,-1.0131717627447754,2.5796486371490253,0.7832384372021249
2013-04-26,-0.7984988749116148,2.5740248601874165,0.8877629926379009
2013-05-03,-0.8335605461295779,2.54823141422796,0.857335434049191
2013-05-10,-0.7148829708359984,2.508077645794204,0.8965973374791028
2013-05-17,-0.6842382788013445,2.354831400438055,0.8352965608183553
2013-05-24,-0.8466710833565465,2.1595116060322677,0.6564202613378606
2013-05-31,-0.8990515067277586,2.0752577973524677,0.5881031453123546
2013-06-07,-0.9690565975794204,1.8446994484619335,0.4378214254412565
2013-06-14,-1.075696659230329,1.7127785145661678,0.3185409276679194
2013-06-21,-1.1191305358000792,1.4848250035614499,0.18284723388068536
2013-06-28,-1.1109599164097057,1.490045389809303,0.1895427366997986
2013-07-05,-1.0559498753037115,1.6014132773323335,0.272731701014311
2013-07-12,-1.1423767092575032,1.4295822477157436,0.1436027692291202
2013-07-19,-1.1179867542005466,1.4320289110143383,0.15702107840689583
2013-07-26,-1.1982051697993434,1.3808333305589686,0.09131408037981259
2013-08-02,-1.2850603744264049,1.0379685167564316,-0.1235459288349866
2013-08-09,-1.2228367888189144,1.2421398503685868,0.009651530774836159
2013-08-16,-1.135121508365665,1.1548805020650639,0.009879496849699465
2013-08-23,-1.2291488774231096,1.0522654721429852,-0.08844170264006224
2013-08-30,-1.1917505909358483,0.9743168656898777,-0.1087168626229853
2013-09-06,-1.013287030743455,1.256933904334529,0.12182343679553698
2013-09-13,-0.9870338420551119,1.1578390216729058,0.08540258980889692
2013-09-20,-1.1348304484700378,1.0780576412574912,-0.028386403606273314
2013-09-27,-1.1495007945398563,0.9506237361297021,-0.09943852920507712
2013-10-04,-1.1554976834048403,1.1436154376846766,-0.00594112286008186
2013-10-11,-1.1080543725330385,1.214250227493631,0.05309792748029629
2013-10-18,-1.1038461588999677,1.2799205275658552,0.08803718433294372
2013-10-25,-1.2143519092910253,1.1705136807496797,-0.021919114270672835
2013-11-01,-1.1321221818455196,1.185777157556713,0.026827487855596743
2013-11-08,-1.0066135488748051,1.1333177931661857,0.0633521221456903
2013-11-15,-1.0378044242633517,1.0043483193337979,-0.016728052464776932
2013-11-22,-1.124365814293771,0.7091148100299527,-0.2076255021319091
2013-11-29,-1.077607441183789,0.5798199483107888,-0.24889374643650014
2013-12-06,-1.2607310360445465,0.3933785942267456,-0.43367622090890046
2013-12-13,-1.335710709518644,0.23502135338232846,-0.5503446780681578
2013-12-20,-1.248667383760637,0.22033529061818924,-0.5141660465712239
2013-12-27,-1.242811510040197,0.08273301027335739,-0.5800392498834198
2014-01-03,-1.1112433079905917,0.24846535154662835,-0.43138897822198163
2014-01-10,-1.1004834328339963,0.16702098251136438,-0.46673122516131593
2014-01-17,-1.0816939440924207,-0.06255052336806351,-0.5721222337302421
2014-01-24,-1.2470750120489655,-0.32944677824298585,-0.7882608951459757
2014-01-31,-1.1252313300487902,-0.09879826714354116,-0.6120147985961657
2014-02-07,-1.196766115048666,0.0640107857936468,-0.5663776646275096
2014-02-14,-1.1096923168077415,0.00292429308647067,-0.5533840118606355
2014-02-21,-1.2208687015983475,-0.06043013685111004,-0.6406494192247287
2014-02-28,-1.2771352564653093,-0.25491420969119744,-0.7660247330782534
2014-03-07,-1.2815214980185579,-0.1098326662409942,-0.6956770821297761
2014-03-14,-1.3860283887271914,-0.21978993790833182,-0.8029091633177616
2014-03-21,-1.3192766173713812,-0.07610088074442993,-0.6976887490579056
2014-03-28,-1.1960279980804724,0.10831562295264074,-0.5438561875639158
2014-04-04,-1.1450229744607527,0.27792751693208445,-0.4335477287643341
2014-04-11,-1.250223910570764,0.22282269759724477,-0.5137006064867596
2014-04-18,-1.1494632663350544,0.19177482063448884,-0.4788442228502828
2014-04-25,-1.1764999436856818,0.10910889440006971,-0.533695524642806
2014-05-02,-1.2016700847844877,0.044692558287087514,-0.5784887632487001
2014-05-09,-1.0938344896598051,0.27080592577904805,-0.41151428194037853
2014-05-16,-1.0393094833324499,0.32655709819724876,-0.35637619256760056
2014-05-23,-1.0166501791665858,0.20814208214978153,-0.4042540485084022
2014-05-30,-1.046986703488236,0.36078336971761066,-0.34310166688531274
2014-06-06,-1.0372380061774438,0.33136223013423255,-0.35293788802160564
2014-06-13,-0.8940149016668821,0.3556703974896042,-0.26917225208863893
2014-06-20,-0.9416774728741981,0.3102396867659091,-0.3157188930541445
2014-06-27,-0.9805105618369182,0.3163172621459835,-0.3320966498454674
2014-07-04,-0.9055263660510194,0.24267811773983441,-0.3314241241555925
2014-07-11,-0.9342707409062029,0.21542664176812135,-0.3594220495690408
2014-07-18,-0.877281858266684,0.31700457721806835,-0.2801386405243078
2014-07-25,-0.8494203709073697,0.43890343671642357,-0.20525846709547305
2014-08-01,-0.9091082957731792,0.36457197481294906,-0.27226816048011504
2014-08-08,-0.9427879986859631,0.3400455853532703,-0.3013712066663464
2014-08-15,-1.0049408848750752,0.41969421973736126,-0.292623332568857
2014-08-22,-0.9283290863907329,0.5366479156343327,-0.1958405853782001
2014-08-29,-0.8713629604989255,0.6356272609212167,-0.1178678497888544
2014-09-05,-0.8348389707367169,0.8687851259722768,0.01697307761777994
2014-09-12,-0.8843807481383126,0.46687404400092924,-0.20875335206869167
2014-09-19,-0.8264572684615145,0.40710084747172726,-0.2096782104948936
2014-09-26,-0.7484951681669278,0.3324048927897644,-0.20804513768858174
2014-10-03,-0.7053474655311925,0.4175820674304233,-0.14388269905038462
2014-10-10,-0.7677249862628523,0.3199013895002895,-0.22391179838128142
2014-10-17,-0.8715131310386312,0.2501003062457916,-0.3107064123964198
2014-10-24,-0.8041834467985127,0.408470391215864,-0.19785652779132437
2014-10-31,-0.7263165875933351,0.52912685463148,-0.09859486648092752
2014-11-07,-0.786853690224732,0.35061927535101556,-0.2181172074368582
2014-11-14,-0.9328043172514232,0.4678035879711344,-0.2325003646401444
2014-11-21,-0.8480100603856211,0.45360635096772195,-0.19720185470894958
2014-11-28,-0.9149326791543603,0.1642459123859846,-0.3753433833841878
2014-12-05,-0.8437890949242952,0.05854106462432523,-0.392624015149985
2014-12-12,-0.9469081877883105,-0.26887812246173315,-0.6078931551250218
2014-12-19,-0.8087375039750754,-0.2768386405520293,-0.5427880722635523
2014-12-26,-0.8052193860405791,-0.2805653448628145,-0.5428923654516968
2015-01-02,-0.7771886720189253,-0.19794414142558672,-0.487566406722256
2015-01-09,-0.7084952285003118,-0.0030649527886453245,-0.3557800906444785
2015-01-16,-2.5835733632326314,-0.8882356997338685,-1.73590453148325
2015-01-23,-2.442433609365509,-1.1138310039607613,-1.7781323066631352
2015-01-30,-1.9299259136772737,-1.1099337790700796,-1.5199298463736768
2015-02-06,-1.8104990344117606,-1.105496852108753,-1.4579979432602568
2015-02-13,-1.6682644425425484,-1.1967000393031724,-1.4324822409228604
2015-02-20,-1.564474933033854,-1.1049823649020796,-1.3347286489679668
2015-02-27,-1.4437744304216162,-1.1211337086546493,-1.2824540695381328
2015-03-06,-1.306609509796806,-0.8786194479748641,-1.0926144788858352
2015-03-13,-1.3008821408990805,-0.85063000269287,-1.0757560717959753
2015-03-20,-1.47772816931127,-0.9101477903934122,-1.193937979852341
2015-03-27,-1.6613869325567423,-1.0068755358315484,-1.3341312341941454
2015-04-03,-1.7593175516509094,-1.2320551392642385,-1.495686345457574
2015-04-10,-1.6280323543244646,-0.9033957970763526,-1.2657140757004086
2015-04-17,-1.7535841661911935,-1.003893243624661,-1.3787387049079274
2015-04-24,-1.6066981245606078,-0.9484037347067109,-1.2775509296336593
2015-05-01,-1.8112856449020214,-0.9371008910257619,-1.3741932679638915
2015-05-08,-1.673730997521292,-0.8848587687732494,-1.2792948831472706
2015-05-15,-1.6730337064022036,-0.8753227989299335,-1.2741782526660685
2015-05-22,-1.5318782208251185,-0.9554757834866424,-1.2436770021558805
2015-05-29,-1.6726562827907354,-1.1192354986280983,-1.3959458907094169
2015-06-05,-1.6662688962795862,-1.08773020019672,-1.3769995482381532
2015-06-12,-1.6030711085136595,-1.0042894058523926,-1.303680257183026
2015-06-19,-1.5535537480606343,-1.0530207698768628,-1.3032872589687485
2015-06-26,-1.476476438201972,-1.0865737164184712,-1.2815250773102216
2015-07-03,-1.473080250560071,-1.1925593507753771,-1.332819800667724
2015-07-10,-1.5152154408437855,-1.3325678881289282,-1.4238916644863568
2015-07-17,-1.2454504930799921,-1.3411638138711135,-1.2933071534755527
2015-07-24,-1.2710175831126886,-1.506551354939462,-1.3887844690260753
2015-07-31,-1.182976688028033,-1.5216614070708527,-1.3523190475494429
2015-08-07,-1.0393074149102848,-1.2292991069600494,-1.134303260935167
2015-08-14,-1.0264861097091336,-1.3257967829291448,-1.1761414463191393
2015-08-21,-1.3046125202084309,-1.6943386505106657,-1.4994755853595483
2015-08-28,-1.2944646639237851,-1.6006170276216056,-1.4475408457726955
2015-09-04,-1.30782348244929,-1.8175125578448263,-1.5626680201470582
2015-09-11,-1.1602460798984244,-1.6259733958294387,-1.3931097378639317
2015-09-18,-1.1241009135865863,-1.553742818590002,-1.338921866088294
2015-09-25,-1.225823538775927,-1.6779388250817437,-1.4518811819288353
2015-10-02,-1.3182772148033688,-1.6550229259525835,-1.4866500703779761
2015-10-09,-1.3469149800600693,-1.3706418938222786,-1.358778436941174
2015-10-16,-1.4050628945312562,-1.6540343666634727,-1.5295486305973645
2015-10-23,-1.2286788812711713,-1.6155291429039844,-1.4221040120875779
2015-10-30,-1.0935215258659017,-1.7312663800888308,-1.4123939529773661
2015-11-06,-1.086138089954942,-1.5577726644186343,-1.321955377186788
2015-11-13,-0.9805058233533948,-1.5116161369966936,-1.2460609801750442
2015-11-20,-0.8790210785110133,-1.2791465939129376,-1.0790838362119755
2015-11-27,-0.8367114752769057,-1.2249676870975645,-1.030839581187235
2015-12-04,-1.1209675002350454,-1.3012491795912908,-1.2111083399131681
2015-12-11,-1.2022632820593429,-1.7609856801729025,-1.4816244811161225
2015-12-18,-1.2722702438948323,-1.677216552322156,-1.4747433981084943
2015-12-25,-1.302376585378689,-1.625790132431273,-1.4640833589049809
2016-01-01,-1.2538017828040953,-1.4146241613732793,-1.3342129720886873
2016-01-08,-1.4259855975293232,-1.8170713207461855,-1.6215284591377543
2016-01-15,-1.4670585136531533,-1.8642996708659787,-1.6656790922595661
2016-01-22,-1.3428965578329524,-1.4831520458125969,-1.4130243018227746
2016-01-29,-1.2600960175566214,-1.251716194368003,-1.2559061059623122
2016-02-05,-1.4450952525159266,-1.6000885210751765,-1.5225918867955515
2016-02-12,-1.5693588035589356,-1.5854089895424777,-1.5773838965507068
2016-02-19,-1.4972742647796784,-1.3902731962129105,-1.4437737304962943
2016-02-26,-1.7378442231147733,-1.1052160094078531,-1.4215301162613132
2016-03-04,-1.5542639400804552,-0.820947561011051,-1.1876057505457531
2016-03-11,-1.54384901518498,-0.6575731860016398,-1.10071110059331
2016-03-18,-1.6228663318002905,-0.6608886589284727,-1.1418774953643815
2016-03-25,-1.7151863213277667,-0.6523254056454005,-1.1837558634865837
2016-04-01,-1.8647767274725666,-0.5935059521907717,-1.2291413398316693
2016-04-08,-1.9554559701406453,-0.6712732015317716,-1.3133645858362084
2016-04-15,-1.7819659033620616,-0.4059611142961786,-1.0939635088291202
2016-04-22,-1.5692588907185108,-0.3623795152059759,-0.9658192029622433
2016-04-29,-1.6824093016521466,-0.7419801695092327,-1.2121947355806897
2016-05-06,-1.6524119261531336,-1.00068719511029,-1.3265495606317117
2016-05-13,-1.676744123945239,-1.0928129812826515,-1.3847785526139451
2016-05-20,-1.4671527147608516,-1.2050680937204632,-1.3361104042406575
2016-05-27,-1.3758575144458294,-1.2263350250505654,-1.3010962697481974
2016-06-03,-1.5915365141181572,-1.105322114398433,-1.3484293142582953
2016-06-10,-1.8722462297066986,-1.0738822950685563,-1.4730642623876276
2016-06-17,-1.8653464914951936,-1.1265932192791495,-1.4959698553871714
2016-06-24,-2.053302230350584,-0.779763682697224,-1.416532956523904
2016-07-01,-2.2481891697635312,-0.5636671130768259,-1.4059281414201785
2016-07-08,-2.286382397922756,-0.403768519263307,-1.3450754585930316
2016-07-15,-2.17222974753776,-0.3452449416304967,-1.2587373445841283
2016-07-22,-2.182000850266735,-0.4385527634623637,-1.3102768068645494
2016-07-29,-2.2828636168703484,-0.4703323966249972,-1.3765980067476729
2016-08-05,-2.2331070581211057,-0.31864816090586195,-1.2758776095134838
2016-08-12,-2.3600011662206644,-0.2183710110149589,-1.2891860886178117
2016-08-19,-2.420729166199031,-0.3979012854535246,-1.4093152258262778
2016-08-26,-2.217464296884584,-0.4403841473251961,-1.32892422210489
2016-09-02,-2.138305225574579,-0.5194704894823199,-1.3288878575284495
2016-09-09,-2.2048031772466086,-0.6094860300999034,-1.407144603673256
2016-09-16,-2.2883442633879523,-0.5711934854521569,-1.4297688744200545
2016-09-23,-2.3720546316340627,-0.38279075175432015,-1.3774226916941914
2016-09-30,-2.3537830742140495,-0.330761628145753,-1.3422723511799013
2016-10-07,-2.559738727406288,-0.1911919969532834,-1.3754653621797857
2016-10-14,-2.5634244935126103,0.11759857176914974,-1.2229129608717302
2016-10-21,-2.5245689666208238,-0.01529881551522425,-1.269933891068024
2016-10-28,-2.5851613811868095,-0.03901052934553634,-1.312085955266173
2016-11-04,-2.612400797085648,-0.25927940232691965,-1.435840099706284
2016-11-11,-2.4164056413966257,-0.29612736139018414,-1.356266501393405
2016-11-18,-2.3947070700899546,-0.3539117905930869,-1.3743094303415209
2016-11-25,-2.272844072281669,-0.24839904836064014,-1.2606215603211546
2016-12-02,-2.1629945691845305,-0.319734556801816,-1.2413645629931733
2016-12-09,-2.1870492140668274,-0.21238564125735876,-1.199717427662093
2016-12-16,-2.1801825599963864,-0.31852983525588485,-1.2493561976261356
2016-12-23,-2.2928684081914215,-0.42726441774866436,-1.3600664129700428
2016-12-30,-2.3447247128171376,-0.44316290198581115,-1.3939438074014743
2017-01-06,-2.3518193467751,-0.24693306093264833,-1.2993762038538743
2017-01-13,-2.4470951499012927,-0.0016896268061663113,-1.2243923883537295
2017-01-20,-2.4106986141935254,-0.11156767239862767,-1.2611331432960766
2017-01-27,-2.354473723639113,-0.21047259407935795,-1.2824731588592355
2017-02-03,-2.4246074309348784,-0.013073824405073339,-1.218840627669976
2017-02-10,-2.3351511775657388,0.07266735492985986,-1.1312419113179395
2017-02-17,-2.3736435984923943,0.09373886593041761,-1.1399523662809883
2017-02-24,-2.3047259330087777,0.09592017720034542,-1.104402877904216
2017-03-03,-2.383670569926063,0.07140607542021588,-1.1561322472529236
2017-03-10,-2.402837378064954,0.11154333227110869,-1.1456470228969227
2017-03-17,-2.387434990554888,0.18151222749008028,-1.102961381532404
2017-03-24,-2.4375611831797657,-0.02269649959548732,-1.2301288413876266
2017-03-31,-2.2944600092358973,0.03770676002658004,-1.1283766246046587
2017-04-07,-2.351838781872608,-0.0412027179785833,-1.1965207499255957
2017-04-14,-2.3016993865481035,-0.017745689435503798,-1.1597225379918037
2017-04-21,-2.2546269770101333,-0.2972729393350169,-1.275949958172575
2017-04-28,-2.1621887163910705,-0.36461979608107903,-1.2634042562360748
2017-05-05,-2.237228283893436,-0.5507725108371978,-1.3940003973653168
2017-05-12,-2.147781062101305,-0.48701911144793203,-1.3174000867746185
2017-05-19,-2.3290286664315802,-0.5410941391039309,-1.4350614027677555
2017-05-26,-2.437607103488445,-0.5296961940571372,-1.483651648772791
2017-06-02,-2.5196775297272715,-0.6808058096949706,-1.600241669711121
2017-06-09,-2.5085826119376997,-0.5021408713193551,-1.5053617416285274
2017-06-16,-2.4358360464466062,-0.3100062689572795,-1.372921157701943
2017-06-23,-2.522453911521401,-0.42346795640447105,-1.4729609339629361
2017-06-30,-2.4461040856489045,-0.3525115638026803,-1.3993078247257924
2017-07-07,-2.465167847274795,-0.3420379589294634,-1.403602903102129
2017-07-14,-2.324490056848823,-0.053316114072285245,-1.188903085460554
2017-07-21,-2.528239718593376,-0.017204617272509073,-1.2727221679329426
2017-07-28,-2.1785864001212074,0.1620107957901652,-1.008287802165521
2017-08-04,-2.1812678465496815,0.13210844682635853,-1.0245796998616614
2017-08-11,-2.309095951255852,0.08809932410631828,-1.1104983135747668
2017-08-18,-2.338228774968783,0.23362149325203943,-1.0523036408583717
2017-08-25,-2.3936562639802976,0.27048109327680864,-1.0615875853517445
2017-09-01,-2.27244976137121,0.42318943963654565,-0.9246301608673322
2017-09-08,-2.3493629450548594,0.362889637470594,-0.9932366537921327
2017-09-15,-2.026248630406759,0.18433139731237963,-0.9209586165471897
2017-09-22,-1.9762754523360697,0.13949947808517843,-0.9183879871254457
2017-09-29,-2.0702004788743036,0.015170744096704438,-1.0275148673887995
2017-10-06,-2.12967082628669,0.14736260280819918,-0.9911541117392455
2017-10-13,-2.033478997209587,0.20031604177422638,-0.9165814777176803
2017-10-20,-1.9717868629842,0.2715582516508664,-0.8501143056666668
2017-10-27,-1.903014601153608,0.14336733939733437,-0.8798236308781369
2017-11-03,-1.9044451005548633,0.1314482345653241,-0.8864984329947696
2017-11-10,-1.89517159401182,0.08977495419096967,-0.9026983199104252
2017-11-17,-1.9504923084330275,-0.04576479704591558,-0.9981285527394715
2017-11-24,-1.9637499403997007,-0.08682510140664226,-1.0252875209031715
2017-12-01,-1.9447546393515334,-0.16031468472106786,-1.0525346620363005
2017-12-08,-1.8380848070703257,-0.2309256263772896,-1.0345052167238076
2017-12-15,-1.8854241451161455,-0.10413502538267698,-0.9947795852494112
2017-12-22,-1.8513424585633864,0.0058047100099167075,-0.9227688742767348
2017-12-29,-1.9131187047235583,0.010323085303098365,-0.9513978097102299
2018-01-05,-1.8680246635171422,0.08661219671451902,-0.8907062334013116
2018-01-12,-1.8460909824519915,-0.0006998837546146979,-0.9233954331033031
2018-01-19,-1.828898768229732,0.023935092609072162,-0.9024818378103299
2018-01-26,-1.9742424695113612,-0.06570242566416092,-1.019972447587761
2018-02-02,-2.0480860988644,-0.34066291619235906,-1.1943745075283794
2018-02-09,-2.1250669223121292,-0.36806909147412764,-1.2465680068931284
2018-02-16,-2.1395607692625536,-0.4404678477191098,-1.2900143084908318
2018-02-23,-2.091103932543286,-0.4303415849793656,-1.260722758761326
2018-03-02,-2.1514427294701193,-0.5203796791388274,-1.3359112043044734
2018-03-09,-1.9745892106756495,-0.34722104745565474,-1.160905129065652
2018-03-16,-1.9371144864289669,-0.6230980389707134,-1.28010626269984
2018-03-23,-1.9053715341878474,-0.7011048542884376,-1.3032381942381426
2018-03-30,-1.8893693989158082,-0.6499087050417738,-1.269639051978791
2018-04-06,-1.8084885799097754,-0.6404589019386332,-1.2244737409242044
2018-04-13,-1.6907423863401327,-0.5459162310948091,-1.1183293087174708
2018-04-20,-1.6717379269449764,-0.4891419910963663,-1.0804399590206712
2018-04-27,-1.6593156471618786,-0.42557440065524055,-1.0424450239085596
2018-05-04,-1.6723107060293314,-0.3008783320850539,-0.9865945190571926
2018-05-11,-1.6581269088168606,-0.2523180072155627,-0.9552224580162116
2018-05-18,-1.7486860569230906,-0.28373696191764697,-1.0162115094203688
2018-05-25,-1.9277904883242698,-0.2413815260078958,-1.0845860071660829
2018-06-01,-1.9289928254285276,-0.2717347537379217,-1.1003637895832246
2018-06-08,-1.9119293702903206,-0.28294683250041364,-1.0974381013953671
2018-06-15,-1.8827635159580975,-0.44723089272423594,-1.1649972043411667
2018-06-22,-1.9824943357491513,-0.48360238014140755,-1.2330483579452793
2018-06-29,-1.9728197317963263,-0.36681280478841133,-1.1698162682923687
2018-07-06,-1.9373627520180037,-0.389383532747398,-1.1633731423827007
2018-07-13,-1.8359764003178398,-0.29845553918706536,-1.0672159697524526
2018-07-20,-1.982580850211612,-0.33014738380756115,-1.1563641170095866
2018-07-27,-1.986949814230918,-0.30831022223248716,-1.1476300182317027
2018-08-03,-2.0498872077932573,-0.22524226511157147,-1.1375647364524144
2018-08-10,-2.18005068950274,-0.2204934660771765,-1.2002720777899583
2018-08-17,-2.1834364104015593,-0.2051939293555943,-1.1943151698785768
2018-08-24,-2.2416616550729804,-0.3033422815512163,-1.2725019683120984
2018-08-31,-2.3674550846333426,-0.5966891159960374,-1.48207210031469
2018-09-07,-2.3935656884979895,-0.6894268633348407,-1.541496275916415
2018-09-14,-2.3248178614137087,-0.653102225689184,-1.4889600435514463
2018-09-21,-2.3873177100407927,-0.5339010901353982,-1.4606094000880954
2018-09-28,-2.184531686517094,-0.4541216099905936,-1.3193266482538437
2018-10-05,-2.061211366592619,-0.625368785182943,-1.343290075887781
2018-10-12,-2.036467858193614,-0.5981862392688627,-1.3173270487312383
2018-10-19,-2.0430916401060313,-0.6223957048561566,-1.332743672481094
2018-10-26,-2.1654337936350565,-0.512297884402501,-1.3388658390187786
2018-11-02,-2.0286725457009838,-0.47509854869684814,-1.2518855471989159
2018-11-09,-2.0170053910616192,-0.5108011990267588,-1.263903295044189
2018-11-16,-2.1200617404492417,-0.3745876537410093,-1.2473246970951255
2018-11-23,-2.19056529337827,-0.5050197839381104,-1.3477925386581902
2018-11-30,-2.189959155686068,-0.42715565544966005,-1.3085574055678642
2018-12-07,-2.306593313750232,-0.6382228259718582,-1.472408069861045
2018-12-14,-2.306447356213739,-0.5550679304747459,-1.4307576433442424
2018-12-21,-2.3208158466467657,-0.8239022865166573,-1.5723590665817115
2018-12-28,-2.3822378367170725,-0.8934702354679491,-1.6378540360925107
2019-01-04,-2.350724094440615,-0.7226159996879739,-1.5366700470642944
2019-01-11,-2.2949581546913738,-0.6550644843725066,-1.4750113195319403
2019-01-18,-2.177905694297005,-0.6245753323528088,-1.401240513324907
2019-01-25,-2.0456882544176174,-0.7950335053824141,-1.4203608799000158
2019-02-01,-2.063830496683203,-0.6293254520455038,-1.3465779743643533
2019-02-08,-2.1157181221806045,-0.7710491701854167,-1.4433836461830105
2019-02-15,-2.094535961760661,-0.6960115481095391,-1.3952737549351
2019-02-22,-2.062314438966955,-0.7717687624425801,-1.4170416007047675
2019-03-01,-2.001885152799436,-0.9281936596075415,-1.4650394062034886
2019-03-08,-2.02500497887963,-0.9076964224160695,-1.4663507006478498
2019-03-15,-1.937323587494805,-0.9809523994770717,-1.4591379934859383
2019-03-22,-2.0697524102663554,-1.0445536647156728,-1.557153037491014
2019-03-29,-2.147542224272134,-0.8782634107446637,-1.5129028175083987
2019-04-05,-2.0855044199752064,-0.8070685714312567,-1.4462864957032315
2019-04-12,-2.014810560054965,-0.7029447799472465,-1.3588776700011056
2019-04-19,-1.9317245429593801,-0.6141004912905568,-1.2729125171249684
2019-04-26,-1.9523582175624026,-0.7469545037695808,-1.3496563606659917
2019-05-03,-1.8531807255863415,-0.8714168956122952,-1.3622988105993183
2019-05-10,-1.9833435087388798,-0.824585969632112,-1.403964739185496
2019-05-17,-2.1636048935578684,-0.9000403595491882,-1.5318226265535282
2019-05-24,-2.245125384111695,-0.8584255939046004,-1.5517754890081479
2019-05-31,-2.2901761029173033,-0.8125318132526527,-1.551353958084978
2019-06-07,-2.36030583347269,-0.8335591426437419,-1.5969324880582159
2019-06-14,-2.336566900245639,-0.8561748767077559,-1.5963708884766974
2019-06-21,-2.478113734321702,-0.9476924859394811,-1.7129031101305916
2019-06-28,-2.5003782059795285,-0.8221059502176126,-1.6612420780985706
2019-07-05,-2.4420257895944237,-0.6869702089091724,-1.564497999251798
2019-07-12,-2.4879826006998127,-0.708389861121323,-1.5981862309105679
2019-07-19,-2.55913001405302,-0.7083671833720898,-1.633748598712555
2019-07-26,-2.522776375780453,-0.768494674504077,-1.645635525142265
2019-08-02,-2.7680743924501963,-0.8586420577438844,-1.8133582250970404
2019-08-09,-2.908638020232122,-0.8230201004067476,-1.8658290603194347
2019-08-16,-2.8027090419770766,-0.8462795911503146,-1.8244943165636955
2019-08-23,-2.7700064106780915,-0.9406721030019739,-1.8553392568400326
2019-08-30,-2.687017331568828,-0.7975138984928775,-1.7422656150308526
2019-09-06,-2.6410608213975215,-0.7230947153921725,-1.682077768394847
2019-09-13,-2.479332313473196,-0.7403035990210567,-1.6098179562471264
2019-09-20,-2.499880506021701,-0.822110826064089,-1.660995666042895
2019-09-27,-2.614698373975166,-0.777118540010011,-1.6959084569925886
2019-10-04,-2.5413062455023865,-0.8010369341884676,-1.671171589845427
2019-10-11,-2.358454227143157,-0.8726959143373246,-1.6155750707402408
2019-10-18,-2.2997963860730213,-0.9585445434862604,-1.6291704647796408
2019-10-25,-2.2848735869756087,-0.863944886240181,-1.5744092366078948
2019-11-01,-2.3003925144605097,-0.8738460283062511,-1.5871192713833804
2019-11-08,-2.2783503022811047,-0.8019799344036331,-1.5401651183423688
2019-11-15,-2.304299373381718,-1.0089065035474416,-1.6566029384645797
2019-11-22,-2.2720883951631654,-1.0310480224392453,-1.6515682088012054
2019-11-29,-2.1997791621132143,-1.1000884385824552,-1.6499338003478348
2019-12-06,-2.198506336652361,-1.1943852832102466,-1.696445809931304
2019-12-13,-2.1610587754735806,-1.2361288485795106,-1.6985938120265456
2019-12-20,-2.3364685003990684,-1.0698465308254734,-1.703157515612271
2019-12-27,-2.364973813208649,-1.0470311600923632,-1.706002486650506
2020-01-03,-2.391467133480325,-1.0703222549746114,-1.7308946942274681
2020-01-10,-2.413711578965753,-1.1250986113271977,-1.7694050951464753
2020-01-17,-2.492478962721704,-1.1684850384046839,-1.8304820005631939
2020-01-24,-2.4436215584751,-1.2753968310845016,-1.8595091947798008
2020-01-31,-2.45776905556721,-1.5211502303167996,-1.9894596429420046
2020-02-07,-2.4768755009099,-1.3431050384804506,-1.9099902696951752
2020-02-14,-2.371134662115929,-1.3320375723385878,-1.8515861172272583
2020-02-21,-2.450896250538694,-1.3939320719663943,-1.922414161252544
2020-02-28,-2.6316271115751846,-1.5645962147732797,-2.0981116631742323
2020-03-06,-2.7575801707962277,-1.6130109589632284,-2.185295564879728
2020-03-13,-3.0667959534985507,-1.935252838518333,-2.5010243960084417
2020-03-20,-3.095042156093414,-2.1007465808724772,-2.5978943684829456
2020-03-27,-2.9470102126906923,-2.0683287376420902,-2.5076694751663915
2020-04-03,-2.8294417709093813,-2.1302084567732473,-2.479825113841314
2020-04-10,-2.814292861573221,-1.723027038960561,-2.268659950266891
2020-04-17,-2.776338656894119,-1.6822452536005146,-2.2292919552473167
2020-04-24,-2.7850219817229096,-1.575311487813783,-2.1801667347683464
2020-05-01,-2.8078485663665558,-1.646694507090524,-2.22727153672854
2020-05-08,-2.7835461922645033,-1.3909745968360527,-2.087260394550278
2020-05-15,-2.9176781448991433,-1.3475696124053171,-2.1326238786522302
2020-05-22,-2.8833235251008484,-1.2621038705895915,-2.07271369784522
2020-05-29,-2.8602342661972973,-1.166686523996711,-2.0134603950970043
2020-06-05,-2.65219986105834,-0.9106935803148893,-1.7814467206866147
2020-06-12,-2.832835150465728,-1.0801936874793792,-1.9565144189725536
2020-06-19,-2.9375120801270476,-1.0357427951131126,-1.98662743762008
2020-06-26,-2.9814561954380365,-1.029992903571816,-2.0057245495049263
2020-07-03,-2.9287987548489682,-1.0132021731408034,-1.9710004639948857
2020-07-10,-2.9074486685083136,-1.1237627390081444,-2.015605703758229
2020-07-17,-2.927534724238146,-1.0073185225870294,-1.9674266234125877
2020-07-24,-2.9684033050339753,-1.0217212312192323,-1.995062268126604
2020-07-31,-2.880810274843879,-1.0987129537607896,-1.9897616143023344
2020-08-07,-2.893914462959174,-1.0369139662929048,-1.9654142146260396
2020-08-14,-2.8972049608281876,-0.9633473958502301,-1.9302761783392088
2020-08-21,-2.879365976544346,-0.9461642340593189,-1.9127651053018324
2020-08-28,-2.8147694193919475,-0.8825911973650894,-1.8486803083785184
2020-09-04,-2.7695249261500536,-0.9196044871233026,-1.8445647066366782
2020-09-11,-3.0392144182075076,-0.7351200973410064,-1.8871672577742569
2020-09-18,-2.961328027713463,-0.8356229917361999,-1.8984755097248316
2020-09-25,-2.9106135350304267,-1.0089212237146974,-1.959767379372562
2020-10-02,-2.8713272764250926,-0.9459597778177887,-1.9086435271214406
2020-10-09,-2.915000215233491,-0.8849807726747094,-1.8999904939541001
2020-10-16,-2.9654752143350693,-1.0443954159082964,-2.004935315121683
2020-10-23,-2.998595402685762,-1.093274906878872,-2.045935154782317
2020-10-30,-2.9486899627724847,-1.1807843586675586,-2.064737160720022
2020-11-06,-2.973853428162351,-1.0047237175490347,-1.9892885728556928
2020-11-13,-2.838762285726542,-1.0114847698339824,-1.9251235277802623
2020-11-20,-2.8133507091817367,-1.048142093895979,-1.9307464015388578
2020-11-27,-2.855307388928832,-0.9942283318981542,-1.924767860413493
2020-12-04,-2.907492244206654,-0.9957484217184047,-1.9516203329625292
2020-12-11,-3.02217696240192,-0.7725283784094487,-1.8973526704056842
2020-12-18,-2.921811814880077,-0.8159329868632443,-1.8688724008716608
2020-12-25,-2.8524992470743884,-0.8578582974472434,-1.855178772260816
2021-01-01,-2.8440915842714696,-0.780287145763391,-1.8121893650174303
2021-01-08,-2.873964031904134,-0.6687450399031073,-1.7713545359036207
2021-01-15,-2.8223494138380967,-0.6870690391847388,-1.7547092265114177
2021-01-22,-2.8289410206119565,-0.7594116969193035,-1.79417635876563
2021-01-29,-2.7831484621948146,-0.8664314831026212,-1.824789972648718
2021-02-05,-2.6805941857743014,-0.783208690954609,-1.731901438364455
2021-02-12,-2.694297163180281,-0.744650310672448,-1.7194737369263646
2021-02-19,-2.5510692504822283,-0.6420417853453045,-1.5965555179137665
2021-02-26,-2.4787319832055363,-0.7861227935778152,-1.6324273883916758
2021-03-05,-2.287743551391416,-0.5951645677440109,-1.4414540595677134
2021-03-12,-2.248197339599315,-0.4659415061531079,-1.3570694228762115
2021-03-19,-2.288382528832164,-0.4868265778579622,-1.3876045533450632
2021-03-26,-2.2365074408982704,-0.48157666160475554,-1.359042051251513
2021-04-02,-2.194338243202842,-0.5562466449533362,-1.3752924440780891
2021-04-09,-2.420257971507958,-0.5539983219004048,-1.4871281467041815
2021-04-16,-2.3973619192374365,-0.5178623906192872,-1.4576121549283618
2021-04-23,-2.436537767172908,-0.5670846703118735,-1.5018112187423907
2021-04-30,-2.4827986660710892,-0.5195802739915203,-1.5011894700313047
2021-05-07,-2.520573761955615,-0.47331740081882573,-1.4969455813872206
2021-05-14,-2.4781287460946504,-0.6033481109020482,-1.5407384284983494
2021-05-21,-2.4877065519139774,-0.636017594647361,-1.5618620732806692
2021-05-28,-2.455131862390548,-0.7126744718200948,-1.5839031671053214
2021-06-04,-2.472239250282411,-0.6551213874461895,-1.5636803188643003
2021-06-11,-2.511666759206393,-0.6597308424746433,-1.5856988008405182
2021-06-18,-2.4224400385903495,-0.7459635507871057,-1.5842017946887277
2021-06-25,-2.4342023972836957,-0.6667669847412677,-1.5504846910124817
2021-07-02,-2.4414730579603297,-0.7040783982023661,-1.572775728081348
2021-07-09,-2.4813901687003397,-0.8495897970366135,-1.6654899828684766
2021-07-16,-2.5046891125194493,-0.953323717874398,-1.7290064151969236
2021-07-23,-2.5272509780668275,-0.9682102953269422,-1.7477306366968848
2021-07-30,-2.595164280575806,-1.1054009462487802,-1.8502826134122932
2021-08-06,-2.526587139377184,-1.082617021091138,-1.8046020802341611
2021-08-13,-2.516257008632137,-1.0567426174610555,-1.7864998130465963
2021-08-20,-2.6347143540436293,-1.2822856935699225,-1.958500023806776
2021-08-27,-2.616998113842832,-1.14368023975002,-1.8803391767964261
2021-09-03,-2.521262574387821,-1.0070280539152492,-1.764145314151535
2021-09-10,-2.507435951674593,-1.1575299836159834,-1.832482967645288
2021-09-17,-2.409294917749159,-1.1651993648449401,-1.7872471412970494
2021-09-24,-2.529151526887034,-1.1353830529167022,-1.8322672899018682
2021-10-01,-2.5310548524979075,-1.0191733483389644,-1.775114100418436
2021-10-08,-2.5385794161839925,-0.9293495264154005,-1.7339644712996964
2021-10-15,-2.513972481098169,-0.8739975415625836,-1.6939850113303763
2021-10-22,-2.583793103718294,-0.9010894428413289,-1.7424412732798114
2021-10-29,-2.6173144600290392,-0.809755056337443,-1.7135347581832412
2021-11-05,-2.760649533941471,-0.9244055777689689,-1.8425275558552199
2021-11-12,-2.7203641864329633,-0.9406756847822911,-1.8305199356076272
2021-11-19,-2.6633108846935056,-1.0856523796257032,-1.8744816321596045
2021-11-26,-2.7537988069373993,-1.1548131375966821,-1.9543059722670408
2021-12-03,-2.8798283846666517,-1.3021062970821178,-2.0909673408743847
2021-12-10,-2.808515775732797,-1.0344697547334585,-1.9214927652331277
2021-12-17,-2.803016758247129,-1.0951538846774878,-1.9490853214623085
2021-12-24,-2.763011828114181,-1.0418527947992757,-1.9024323114567283
2021-12-31,-2.7613074701775098,-1.0300003121061156,-1.8956538911418126
2022-01-07,-2.6727884999949802,-1.124185119977748,-1.898486809986364
2022-01-14,-2.675838391281415,-1.1198895321726958,-1.8978639617270554
2022-01-21,-2.76353913505916,-1.0820847354507201,-1.92281193525494
2022-01-28,-2.6604117463954795,-1.1786257593859908,-1.9195187528907351
2022-02-04,-2.6073731139273453,-1.1530477839290536,-1.8802104489281994
2022-02-11,-2.599555110747929,-1.084426718840852,-1.8419909147943905
2022-02-18,-2.635057876254846,-1.097340435060665,-1.8661991556577555
2022-02-25,-2.688429173277509,-0.9244084023257244,-1.8064187878016167
2022-03-04,-2.907461365427389,-0.789456999476201,-1.8484591824517949
2022-03-11,-2.812752616955524,-0.7175100746737431,-1.7651313458146336
2022-03-18,-2.7488211058091605,-0.6127478058182463,-1.6807844558137033
2022-03-25,-2.75900176623856,-0.47565139692859565,-1.617326581583578
2022-04-01,-2.830485286144426,-0.4788696082663957,-1.6546774472054109
2022-04-08,-2.7945043229712483,-0.43387137343202814,-1.6141878482016383
2022-04-15,-2.709001199862958,-0.4570309311886788,-1.5830160655258183
2022-04-22,-2.6759996640602526,-0.49396125020054715,-1.5849804571303998
2022-04-29,-2.6828449406634602,-0.5087419673550289,-1.5957934540092444
2022-05-06,-2.6264854903625334,-0.2939210668751295,-1.4602032786188315
2022-05-13,-2.563949806271355,-0.34400063437131534,-1.4539752203213352
2022-05-20,-2.700825934454827,-0.4601019717417473,-1.5804639530982871
2022-05-27,-2.794746062294833,-0.4581005201664786,-1.6264232912306558
2022-06-03,-2.786603401211051,-0.24613370056671124,-1.5163685508888811
2022-06-10,-2.6598243881700134,-0.27343253883637236,-1.466628463503193
2022-06-17,-2.9005977438327135,-0.5350941013753381,-1.7178459226040257
2022-06-24,-2.9960804496775086,-0.5493945901069828,-1.7727375198922457
2022-07-01,-3.093225343888814,-0.6171139953784427,-1.8551696696336284
2022-07-08,-2.982191404011577,-0.45739297364339243,-1.7197921888274847
2022-07-15,-3.094958102060887,-0.4950883172682454,-1.7950232096645662
2022-07-22,-3.137618671969862,-0.438536784904897,-1.7880777284373797
2022-07-29,-3.1506921965067356,-0.4469944106485143,-1.798843303577625
2022-08-05,-3.1095034320090407,-0.47999002674321994,-1.7947467293761303
2022-08-12,-3.2634684049476723,-0.3783251310049083,-1.8208967679762904
2022-08-19,-3.2750675442176758,-0.4294422575849897,-1.8522549009013327
2022-08-26,-3.241419288113712,-0.31668048032344753,-1.7790498842185798
2022-09-02,-3.2333307990043463,-0.28409464822391617,-1.7587127236141313
2022-09-09,-3.3806403917463355,-0.34030527432456587,-1.8604728330354507
2022-09-16,-3.4318634802996115,-0.41704768351050264,-1.924455581905057
2022-09-23,-3.596864562914252,-0.3145162416552664,-1.9556904022847592
2022-09-30,-3.36754184987106,-0.5673513200064703,-1.967446584938765
2022-10-07,-3.358232101009618,-0.563182280183671,-1.9607071905966444
2022-10-14,-3.238271827869635,-0.8682181236173253,-2.05324497574348
2022-10-21,-3.216580695165673,-0.7217078797349896,-1.9691442874503313
2022-10-28,-3.0570237260455455,-0.8441057828441944,-1.9505647544448699
2022-11-04,-3.2118341208446934,-0.7114783325188566,-1.961656226681775
2022-11-11,-3.4160521444483556,-0.7986127096322926,-2.107332427040324
2022-11-18,-3.2786984954539458,-0.8906252845937885,-2.084661890023867
2022-11-25,-3.257008354960686,-0.9534810802148093,-2.105244717587748
2022-12-02,-3.240516134993274,-1.1508737911376299,-2.195694963065452
2022-12-09,-3.2786518456241605,-1.183957185721998,-2.231304515673079
2022-12-16,-3.3506569076130193,-1.3107194491271825,-2.330688178370101
2022-12-23,-3.3707379262090678,-1.1304126150920033,-2.2505752706505353
2022-12-30,-3.4218736060997585,-1.0546537044837587,-2.2382636552917585
2023-01-06,-3.3937521294151938,-0.9117847710343239,-2.152768450224759
2023-01-13,-3.2931343463649125,-0.8136847881686364,-2.0534095672667743
2023-01-20,-3.28603287094191,-0.9867334795836455,-2.136383175262778
2023-01-27,-3.258351259478515,-0.7610137688151565,-2.0096825141468355
2023-02-03,-3.3955583466248376,-0.7934580153712977,-2.0945081809980675
2023-02-10,-3.433084601885566,-0.7849825683719234,-2.1090335851287447
2023-02-17,-3.425138153001799,-0.8186478319475103,-2.1218929924746543
2023-02-24,-3.3426419115354555,-0.9397208427322736,-2.1411813771338646
2023-03-03,-3.3329854367139693,-0.9714462237735909,-2.15221583024378
2023-03-10,-3.5010967422482926,-1.350448172917508,-2.4257724575829003
2023-03-17,-3.377924627339864,-1.259472199795824,-2.3186984135678443
2023-03-24,-3.394728394981671,-1.3490764507101733,-2.3719024228459222
2023-03-31,-3.3910870459639875,-1.329498955411809,-2.360293000687898
2023-04-07,-3.440219179669754,-1.4211142962344212,-2.4306667379520874
2023-04-14,-3.5321307058803293,-1.328569266389506,-2.4303499861349174
2023-04-21,-3.521714399013924,-1.3654838349463667,-2.4435991169801454
2023-04-28,-3.458429218234375,-1.5835297598142986,-2.520979489024337
2023-05-05,-3.4611447452730855,-1.4366687263885622,-2.448906735830824
2023-05-12,-3.4917327302267087,-1.480561499857167,-2.4861471150419376
2023-05-19,-3.506846437159204,-1.5223837427633435,-2.5146150899612736
2023-05-26,-3.4870121939029093,-1.5332861305022318,-2.5101491622025707
2023-06-02,-3.3904836940197542,-1.3599894917958137,-2.375236592907784
2023-06-09,-3.368002766055966,-1.2423320515718286,-2.3051674088138974
2023-06-16,-3.3216762711862207,-1.207448281872042,-2.2645622765291313
2023-06-23,-3.3605244327651937,-1.4011778839541584,-2.3808511583596763
2023-06-30,-3.3778153119415437,-1.4272012195042394,-2.402508265722892
2023-07-07,-3.3904471466371224,-1.5549375355788553,-2.472692341107989
2023-07-14,-3.5118649283656516,-1.6227923360479468,-2.567328632206799
2023-07-21,-3.575945146095072,-1.543218908047687,-2.5595820270713796
2023-07-28,-3.5629955461388114,-1.6664859108720969,-2.614740728505454
2023-08-04,-3.5785572191729886,-1.723805680801861,-2.651181449987425
2023-08-11,-3.5580420029043167,-1.7349700450947285,-2.646506023999523
2023-08-18,-3.4963666028026994,-1.8802759889796987,-2.688321295891199
2023-08-25,-3.55186456174694,-1.8069391560039274,-2.679401858875434
2023-09-01,-3.5409034778055446,-1.7503639384542005,-2.6456337081298726
2023-09-08,-3.5346957440272235,-1.758017062263075,-2.646356403145149
2023-09-15,-3.5399595283646614,-1.5873865238417306,-2.563673026103196
2023-09-22,-3.532259162252223,-1.510866210896777,-2.5215626865745
2023-09-29,-3.4919959989652165,-1.5265972283719653,-2.509296613668591
2023-10-06,-3.523634336534536,-1.6718610276116241,-2.5977476820730803
2023-10-13,-3.6540726429481474,-1.7442323616646387,-2.699152502306393
2023-10-20,-3.7177885345189297,-1.7208601689827605,-2.719324351750845
2023-10-27,-3.629926658756739,-1.6523358450514396,-2.6411312519040893
2023-11-03,-3.5234207024864737,-1.5541584604731817,-2.538789581479828
2023-11-10,-3.5680500961507047,-1.6829986323861423,-2.6255243642684234
2023-11-17,-3.5843311181195303,-1.6564783099018545,-2.6204047140106925
2023-11-24,-3.547594274477216,-1.6493520535346142,-2.5984731640059153
2023-12-01,-3.656960266149587,-1.67179339167775,-2.6643768289136687
2023-12-08,-3.64380737911786,-1.6796210919565358,-2.6617142355371977
2023-12-15,-3.658286667546457,-1.5820176837938005,-2.6201521756701287
2023-12-22,-3.7863400627325414,-1.5202020904830726,-2.653271076607807
2023-12-29,-3.918885076695331,-1.5967629782112973,-2.757824027453314
