Date,MID_PRICE,US2YT=RR,US10YT=RR,diff
2002-01-04,278.95,3.1679,5.1251,1.9571999999999998
2002-01-11,287.55,2.7388,4.8758,2.137
2002-01-18,283.55,2.8803,4.8927,2.0123999999999995
2002-01-25,279.45,3.1747,5.0695,1.8947999999999996
2002-02-01,286.25,3.1056,4.9841,1.8784999999999998
2002-02-08,304.0,2.9015,4.881,1.9795000000000003
2002-02-15,298.1,2.9437,4.863,1.9193000000000002
2002-02-22,293.0,2.9302,4.8349,1.9047
2002-03-01,298.15,3.1837,4.9837,1.7999999999999998
2002-03-08,289.75,3.5628,5.3251,1.7622999999999998
2002-03-15,290.05,3.5806,5.3333,1.7527000000000004
2002-03-22,297.75,3.7094,5.4033,1.6938999999999997
2002-03-29,302.7,3.7223,5.406,1.6836999999999995
2002-04-05,300.05,3.4742,5.2066,1.7323999999999997
2002-04-12,302.15,3.3597,5.1567,1.7969999999999997
2002-04-19,302.35,3.3265,5.2007,1.8742000000000005
2002-04-26,311.35,3.2124,5.0577,1.8452999999999995
2002-05-03,311.95,3.1537,5.0564,1.9026999999999998
2002-05-10,311.05,3.1638,5.1188,1.955
2002-05-17,311.0,3.3659,5.2559,1.8899999999999997
2002-05-24,320.6,3.2308,5.1461,1.9152999999999998
2002-05-31,326.55,3.203,5.0446,1.8416000000000001
2002-06-07,324.0,3.1386,5.0651,1.9265000000000003
2002-06-14,319.4,2.8891,4.8008,1.9116999999999997
2002-06-21,324.65,2.8897,4.7636,1.8739000000000003
2002-06-28,314.625,2.8188,4.8088,1.9899999999999998
2002-07-05,311.5,2.8911,4.862,1.9709000000000003
2002-07-12,316.0,2.5292,4.574,2.0448
2002-07-19,323.95,2.4185,4.5184,2.0999
2002-07-26,303.75,2.2259,4.3865,2.1605999999999996
2002-08-02,307.4,2.006,4.2947,2.2887
2002-08-09,314.6,2.0706,4.2575,2.1869
2002-08-16,314.0,2.2579,4.3269,2.0690000000000004
2002-08-23,307.0,2.1499,4.2377,2.0878
2002-08-30,312.75,2.1381,4.1297,1.9915999999999996
2002-09-06,320.25,2.0519,4.0153,1.9634
2002-09-13,316.85,2.051,3.9083,1.8573
2002-09-20,322.15,1.9038,3.7845,1.8807
2002-09-27,319.95,1.8031,3.663,1.8598999999999999
2002-10-04,322.25,1.7862,3.6693,1.8830999999999998
2002-10-11,316.75,1.8424,3.8035,1.9611
2002-10-18,312.85,2.0562,4.1091,2.0528999999999997
2002-10-25,313.85,1.9849,4.0973,2.1123999999999996
2002-11-01,320.25,1.7636,4.0052,2.2416
2002-11-08,321.55,1.849,3.8426,1.9936
2002-11-15,320.55,1.8748,4.0325,2.1576999999999997
2002-11-22,321.05,2.0624,4.1834,2.121
2002-11-29,319.05,2.0599,4.2109,2.151
2002-12-06,326.25,1.8805,4.089,2.2085000000000004
2002-12-13,333.15,1.8487,4.0711,2.2224000000000004
2002-12-20,340.7,1.7454,3.9636,2.2182
2002-12-27,349.2,1.6185,3.8106,2.1921
2003-01-03,351.2,1.758,4.0193,2.2613000000000003
2003-01-10,354.675,1.7681,4.1398,2.3717
2003-01-17,356.475,1.7008,4.0174,2.3166
2003-01-24,368.625,1.6504,3.9365,2.2861000000000002
2003-01-31,368.475,1.6971,3.9659,2.2687999999999997
2003-02-07,369.9,1.6249,3.9319,2.3070000000000004
2003-02-14,351.0,1.6085,3.9629,2.3544
2003-02-21,351.425,1.6083,3.8925,2.2842000000000002
2003-02-28,349.85,1.516,3.692,2.176
2003-03-07,350.6,1.3952,3.622,2.2268
2003-03-14,336.5,1.5406,3.7008,2.1602
2003-03-21,326.175,1.7969,4.1076,2.3106999999999998
2003-03-28,331.9,1.5613,3.9111,2.3498
2003-04-04,325.7,1.5606,3.957,2.3964
2003-04-11,328.175,1.6411,3.9745,2.3334
2003-04-18,327.25,1.6821,3.9586,2.2765000000000004
2003-04-25,333.4,1.5891,3.8904,2.3013000000000003
2003-05-02,341.05,1.5688,3.9267,2.3579
2003-05-09,348.7,1.4511,3.6819,2.2308000000000003
2003-05-16,354.85,1.3172,3.421,2.1037999999999997
2003-05-23,368.75,1.3532,3.3348,1.9816
2003-05-30,364.975,1.3351,3.3728,2.0377
2003-06-06,363.75,1.246,3.354,2.108
2003-06-13,356.875,1.082,3.1157,2.0336999999999996
2003-06-20,357.375,1.1701,3.3671,2.197
2003-06-27,345.25,1.3873,3.5454,2.1581
2003-07-04,350.85,1.3026,3.6555,2.3529
2003-07-11,345.15,1.2807,3.6293,2.3486000000000002
2003-07-18,347.3,1.4955,4.0016,2.5061
2003-07-25,362.8,1.5318,4.1781,2.6462999999999997
2003-08-01,347.975,1.779,4.39,2.6109999999999998
2003-08-08,356.65,1.6963,4.2384,2.5421000000000005
2003-08-15,363.55,1.8151,4.44,2.6249000000000002
2003-08-22,363.15,1.9261,4.44,2.5139000000000005
2003-08-29,375.575,1.9779,4.4,2.4221000000000004
2003-09-05,377.2,1.7215,4.33,2.6085000000000003
2003-09-12,375.125,1.6276,4.17,2.5423999999999998
2003-09-19,381.95,1.6709,4.12,2.4491
2003-09-26,380.85,1.5613,3.99,2.4287
2003-10-03,369.7,1.643,3.999171951,2.3561719510000003
2003-10-10,373.625,1.633,4.2321233,2.5991232999999996
2003-10-17,371.675,1.8631,4.378940324,2.515840324
2003-10-24,388.7,1.7345,4.209940812,2.4754408120000004
2003-10-31,384.4,1.8296,4.285845689,2.456245689
2003-11-07,383.125,2.0146,4.387756711,2.3731567109999996
2003-11-14,397.625,1.8088,4.21620494,2.40740494
2003-11-21,396.2,1.8168,4.114518391,2.297718391
2003-11-28,397.875,2.0562,4.238400787,2.1822007869999998
2003-12-05,406.35,1.9073,4.182999736,2.275699736
2003-12-12,409.15,1.8116,4.184441273,2.3728412729999997
2003-12-19,409.35,1.7863,4.126936134,2.3406361340000004
2003-12-26,412.4,1.8111,4.150379006,2.339279006
2004-01-02,415.125,1.694516,4.253869276,2.5593532759999995
2004-01-09,426.6,1.647131,4.079732394,2.4326013939999998
2004-01-16,406.575,1.472306,3.929072634,2.456766634
2004-01-23,408.175,1.615541,3.9192,2.303659
2004-01-30,402.575,1.608921,4.1266,2.517679
2004-02-06,403.3,1.7355,4.0733,2.3377999999999997
2004-02-13,410.2,1.6597,4.0137,2.354
2004-02-20,397.625,1.6515,4.032,2.3805
2004-02-27,396.45,1.6472,3.9716,2.3244
2004-03-05,401.4,1.5208,3.7847,2.2639
2004-03-12,395.25,1.447,3.6803,2.2333
2004-03-19,412.125,1.5064,3.7411,2.2347
2004-03-26,422.5,1.504,3.7406,2.2366
2004-04-02,419.8,1.6279,3.8752,2.2473
2004-04-09,421.25,1.8068,4.1475,2.3407
2004-04-16,400.5,1.9619,4.3218,2.3598999999999997
2004-04-23,395.1,2.0892,4.3571,2.2679
2004-04-30,387.6,2.2943,4.4875,2.1932
2004-05-07,379.1,2.3514,4.5369,2.1855
2004-05-14,377.075,2.5414,4.7703,2.2289
2004-05-21,384.875,2.4817,4.6812,2.1994999999999996
2004-05-28,394.175,2.4551,4.592,2.1369
2004-06-04,391.05,2.5912,4.6813,2.0901
2004-06-11,385.05,2.8034,4.8015,1.9981
2004-06-18,395.275,2.7356,4.7175,1.9819000000000004
2004-06-25,402.675,2.7177,4.6321,1.9144000000000005
2004-07-02,397.925,2.4613,4.4162,1.9548999999999999
2004-07-09,407.575,2.4889,4.4586,1.9696999999999996
2004-07-16,406.45,2.4933,4.3471,1.8538000000000001
2004-07-23,389.95,2.6495,4.4303,1.7807999999999997
2004-07-30,391.25,2.6282,4.4729,1.8447
2004-08-06,399.75,2.383,4.2513,1.8682999999999996
2004-08-13,398.9,2.4302,4.2017,1.7714999999999996
2004-08-20,413.325,2.3694,4.1997,1.8302999999999998
2004-08-27,403.225,2.46,4.188,1.7279999999999998
2004-09-03,400.525,2.411,4.289,1.8779999999999997
2004-09-10,401.925,2.424,4.13,1.706
2004-09-17,405.875,2.395,4.053,1.658
2004-09-24,407.925,2.508,4.033,1.5250000000000004
2004-10-01,419.225,2.613,4.189,1.576
2004-10-08,422.825,2.578,4.129,1.5509999999999997
2004-10-15,418.825,2.458,3.994,1.536
2004-10-22,424.325,2.516,3.978,1.4620000000000002
2004-10-29,428.525,2.552,4.022,1.4700000000000002
2004-11-05,433.625,2.598,4.177,1.5789999999999997
2004-11-12,437.95,2.818,4.175,1.3569999999999998
2004-11-19,447.025,2.829,4.102,1.2730000000000001
2004-11-26,452.625,2.993,4.178,1.185
2004-12-03,455.825,2.887,4.256,1.3690000000000002
2004-12-10,434.5,2.895,4.157,1.262
2004-12-17,441.175,2.987,4.168,1.181
2004-12-24,442.7,2.996,4.22,1.2239999999999998
2004-12-31,438.45,3.065,4.218,1.153
2005-01-07,418.95,3.193,4.273,1.0799999999999996
2005-01-14,423.15,3.237,4.22,0.9829999999999997
2005-01-21,426.75,3.155,4.146,0.9910000000000001
2005-01-28,426.8,3.259,4.146,0.887
2005-02-04,414.6,3.297,4.085,0.7879999999999998
2005-02-11,420.875,3.328,4.092,0.7639999999999998
2005-02-18,427.425,3.448,4.264,0.8160000000000003
2005-02-25,434.925,3.53,4.268,0.738
2005-03-04,434.0,3.56,4.317,0.7570000000000001
2005-03-11,445.85,3.729,4.55,0.8209999999999997
2005-03-18,439.35,3.702,4.511,0.8090000000000002
2005-03-25,426.25,3.846,4.603,0.7569999999999997
2005-04-01,426.15,3.729,4.454,0.7249999999999996
2005-04-08,425.125,3.745,4.474,0.7290000000000001
2005-04-15,425.0,3.503,4.248,0.7450000000000001
2005-04-22,434.6,3.614,4.247,0.633
2005-04-29,434.875,3.658,4.206,0.5480000000000005
2005-05-06,425.725,3.728,4.262,0.5339999999999994
2005-05-13,420.4,3.603,4.127,0.5239999999999996
2005-05-20,417.775,3.675,4.125,0.4500000000000002
2005-05-27,420.05,3.651,4.075,0.4240000000000004
2005-06-03,422.45,3.578,3.981,0.403
2005-06-10,427.35,3.699,4.057,0.35800000000000054
2005-06-17,438.35,3.709,4.074,0.36499999999999977
2005-06-24,440.55,3.579,3.919,0.33999999999999986
2005-07-01,427.65,3.641,4.051,0.41000000000000014
2005-07-08,423.05,3.774,4.095,0.32099999999999973
2005-07-15,421.55,3.868,4.171,0.3030000000000004
2005-07-22,424.9,3.916,4.222,0.3060000000000005
2005-07-29,430.2,4.023,4.284,0.2610000000000001
2005-08-05,437.95,4.111,4.392,0.2810000000000006
2005-08-12,446.2,4.042,4.248,0.2060000000000004
2005-08-19,436.3,4.018,4.211,0.1930000000000005
2005-08-26,437.6,4.07,4.192,0.12199999999999989
2005-09-02,444.65,3.765,4.046,0.28100000000000014
2005-09-09,449.25,3.879,4.122,0.24299999999999988
2005-09-16,459.75,3.978,4.277,0.29899999999999993
2005-09-23,463.25,4.024,4.255,0.23099999999999987
2005-09-30,469.15,4.173,4.332,0.1589999999999998
2005-10-07,474.15,4.179,4.362,0.18299999999999983
2005-10-14,469.6,4.26,4.483,0.22299999999999986
2005-10-21,466.875,4.211,4.39,0.17899999999999938
2005-10-28,473.45,4.39,4.567,0.1770000000000005
2005-11-04,456.6,4.466,4.667,0.20099999999999962
2005-11-11,468.7,4.434,4.579,0.14499999999999957
2005-11-18,485.8,4.397,4.498,0.10099999999999998
2005-11-25,496.075,4.324,4.435,0.11099999999999977
2005-12-02,503.4,4.428,4.517,0.08900000000000041
2005-12-09,526.05,4.408,4.535,0.12699999999999978
2005-12-16,503.3,4.359,4.439,0.08000000000000007
2005-12-23,503.0,4.364,4.382,0.017999999999999794
2005-12-30,517.6,4.404,4.399,-0.004999999999999893
2006-01-06,539.65,4.366,4.383,0.017000000000000348
2006-01-13,556.875,4.349,4.355,0.006000000000000227
2006-01-20,553.8,4.361,4.351,-0.009999999999999787
2006-01-27,559.55,4.503,4.517,0.014000000000000234
2006-02-03,567.65,4.579,4.531,-0.04800000000000004
2006-02-10,550.95,4.694,4.59,-0.10400000000000009
2006-02-17,552.15,4.671,4.539,-0.13200000000000056
2006-02-24,558.95,4.733,4.577,-0.1559999999999997
2006-03-03,565.05,4.754,4.684,-0.0699999999999994
2006-03-10,540.35,4.742,4.761,0.019000000000000128
2006-03-17,553.85,4.653,4.676,0.023000000000000576
2006-03-24,560.45,4.718,4.675,-0.04300000000000015
2006-03-31,583.65,4.824,4.853,0.028999999999999915
2006-04-07,588.45,4.914,4.986,0.07200000000000006
2006-04-14,599.8,4.959,5.053,0.0940000000000003
2006-04-21,634.0,4.91,5.016,0.10599999999999987
2006-04-28,654.5,4.871,5.057,0.18599999999999994
2006-05-05,682.7,4.937,5.106,0.1689999999999996
2006-05-12,714.8,5.014,5.2,0.18599999999999994
2006-05-19,657.6,4.972,5.066,0.09399999999999942
2006-05-26,652.0,4.954,5.052,0.09799999999999986
2006-06-02,638.2,4.921,4.996,0.07500000000000018
2006-06-09,607.45,5.005,4.979,-0.0259999999999998
2006-06-16,580.85,5.168,5.135,-0.03300000000000036
2006-06-23,583.35,5.27,5.224,-0.045999999999999375
2006-06-30,613.1,5.162,5.145,-0.017000000000000348
2006-07-07,630.55,5.175,5.134,-0.04099999999999948
2006-07-14,665.15,5.102,5.069,-0.03300000000000036
2006-07-21,620.75,5.089,5.049,-0.040000000000000036
2006-07-28,635.9,4.988,4.994,0.005999999999999339
2006-08-04,646.45,4.916,4.899,-0.017000000000000348
2006-08-11,632.7,4.978,4.975,-0.0030000000000001137
2006-08-18,615.0,4.883,4.847,-0.03599999999999959
2006-08-25,623.25,4.869,4.783,-0.08599999999999941
2006-09-01,625.5,4.762,4.7236,-0.038399999999999324
2006-09-08,610.8,4.8194,4.7768,-0.04260000000000019
2006-09-15,579.85,4.8693,4.7965,-0.07279999999999998
2006-09-22,588.3,4.6721,4.5907,-0.08140000000000036
2006-09-29,598.3,4.6912,4.6335,-0.05770000000000053
2006-10-06,573.8,4.7501,4.6962,-0.053899999999999615
2006-10-13,590.0,4.8695,4.8017,-0.06780000000000008
2006-10-20,591.9,4.8799,4.7915,-0.08840000000000003
2006-10-27,600.05,4.7549,4.6774,-0.07750000000000057
2006-11-03,628.0,4.8285,4.723,-0.10550000000000015
2006-11-10,628.7,4.7476,4.5935,-0.15410000000000057
2006-11-17,622.0,4.7714,4.6032,-0.16819999999999968
2006-11-24,638.2,4.7485,4.5598,-0.18869999999999987
2006-12-01,645.8,4.5292,4.4385,-0.0907
2006-12-08,625.15,4.6788,4.5476,-0.13119999999999976
2006-12-15,615.25,4.7255,4.5988,-0.12670000000000048
2006-12-22,621.0,4.7346,4.6284,-0.1062000000000003
2006-12-29,636.8,4.8246,4.7002,-0.12440000000000051
2007-01-05,607.4,4.7619,4.6462,-0.11569999999999947
2007-01-12,626.9,4.8971,4.7831,-0.11399999999999988
2007-01-19,635.5,4.9321,4.7833,-0.1488000000000005
2007-01-26,646.6,4.9705,4.8774,-0.09310000000000063
2007-02-02,648.25,4.9372,4.8265,-0.11069999999999958
2007-02-09,666.65,4.912,4.7857,-0.12629999999999963
2007-02-16,669.05,4.8479,4.6961,-0.1517999999999997
2007-02-23,682.85,4.8039,4.6723,-0.13159999999999972
2007-03-02,642.95,4.5376,4.5028,-0.03480000000000061
2007-03-09,650.275,4.6777,4.591,-0.08669999999999956
2007-03-16,652.9,4.6003,4.5494,-0.0508999999999995
2007-03-23,657.1,4.6113,4.6165,0.0052000000000003155
2007-03-30,663.6,4.5827,4.6483,0.06559999999999988
2007-04-06,674.5,4.616,4.757,0.14100000000000001
2007-04-13,685.6,4.7696,4.7648,-0.004799999999999471
2007-04-20,691.35,4.652,4.6743,0.022299999999999542
2007-04-27,680.95,4.6613,4.6985,0.037200000000000344
2007-05-04,688.75,4.6832,4.6442,-0.03900000000000059
2007-05-11,671.05,4.714,4.6757,-0.038300000000000445
2007-05-18,661.65,4.8223,4.8062,-0.01610000000000067
2007-05-25,656.15,4.8686,4.8654,-0.0031999999999996476
2007-06-01,671.45,4.979,4.9557,-0.023299999999999876
2007-06-08,648.55,5.0047,5.1074,0.10270000000000046
2007-06-15,655.75,5.0267,5.169,0.14229999999999965
2007-06-22,654.35,4.9246,5.1363,0.21170000000000044
2007-06-29,649.65,4.8707,5.0265,0.15580000000000016
2007-07-06,655.9,4.9919,5.1866,0.1947000000000001
2007-07-13,667.3,4.9288,5.097,0.16820000000000057
2007-07-20,683.7,4.7708,4.9539,0.1830999999999996
2007-07-27,661.4,4.5135,4.7672,0.25370000000000026
2007-08-03,673.3,4.4126,4.6781,0.2654999999999994
2007-08-10,672.8,4.4688,4.8116,0.34280000000000044
2007-08-17,657.2,4.1888,4.6886,0.49980000000000047
2007-08-24,668.4,4.2904,4.6136,0.32319999999999993
2007-08-31,673.0,4.1568,4.5272,0.37040000000000006
2007-09-07,700.8,3.9081,4.3874,0.4793000000000003
2007-09-14,707.1,4.0453,4.4564,0.41110000000000024
2007-09-21,731.2,4.0539,4.6302,0.5763000000000007
2007-09-28,744.1,3.9876,4.5944,0.6068000000000002
2007-10-05,742.7,4.0868,4.6376,0.5507999999999997
2007-10-12,749.6,4.2342,4.6872,0.4529999999999994
2007-10-19,765.2,3.7924,4.3973,0.6049000000000002
2007-10-26,785.4,3.7723,4.4026,0.6302999999999996
2007-11-02,807.5,3.6783,4.3184,0.6400999999999994
2007-11-09,831.7,3.4048,4.2095,0.8047000000000004
2007-11-16,787.3,3.3444,4.1747,0.8302999999999998
2007-11-23,823.4,3.0651,4.0065,0.9413999999999998
2007-11-30,782.9,3.015,3.9492,0.9341999999999997
2007-12-07,795.6,3.1041,4.1087,1.0046
2007-12-14,794.9,3.3201,4.2418,0.9216999999999995
2007-12-21,810.8,3.1872,4.1718,0.9846000000000004
2007-12-28,839.0,3.1079,4.077,0.9691000000000001
2008-01-04,861.5,2.7399,3.8746,1.1347
2008-01-11,895.75,2.5756,3.7948,1.2191999999999998
2008-01-18,884.55,2.3502,3.6371,1.2869000000000002
2008-01-25,913.5,2.1818,3.5568,1.375
2008-02-01,910.375,2.0766,3.5963,1.5196999999999998
2008-02-08,918.35,1.9461,3.6503,1.7042000000000002
2008-02-15,902.7,1.9072,3.7647,1.8575
2008-02-22,945.5,2.0252,3.8054,1.7802000000000002
2008-02-29,972.475,1.6278,3.5186,1.8908000000000003
2008-03-07,973.4,1.5318,3.5411,2.0093
2008-03-14,993.2,1.4868,3.4716,1.9848000000000001
2008-03-21,919.5,1.6168,3.341,1.7242000000000002
2008-03-28,930.4,1.6503,3.4414,1.7910999999999997
2008-04-04,913.3,1.822,3.47,1.6480000000000001
2008-04-11,925.3,1.75,3.477,1.7269999999999999
2008-04-18,916.4,2.1377,3.7081,1.5703999999999998
2008-04-25,886.15,2.431,3.8722,1.4411999999999998
2008-05-02,856.45,2.4614,3.8591,1.3977000000000004
2008-05-09,884.9,2.2391,3.7786,1.5394999999999999
2008-05-16,902.3,2.4593,3.8541,1.3948
2008-05-23,925.2,2.4461,3.8501,1.404
2008-05-30,886.9,2.6573,4.0673,1.4100000000000001
2008-06-06,902.35,2.3886,3.9284,1.5398
2008-06-13,871.2,3.0306,4.2605,1.2299000000000002
2008-06-20,901.85,2.8959,4.168,1.2721
2008-06-27,927.85,2.6288,3.969,1.3401999999999998
2008-07-04,933.3,2.5371,3.975,1.4379
2008-07-11,964.7,2.6198,3.9731,1.3533
2008-07-18,955.3,2.6503,4.0887,1.4384000000000001
2008-07-25,929.7,2.7136,4.1029,1.3893
2008-08-01,910.55,2.5028,3.9424,1.4396
2008-08-08,856.35,2.5085,3.9352,1.4266999999999999
2008-08-15,786.5,2.3869,3.8443,1.4574000000000003
2008-08-22,823.1,2.4164,3.8742,1.4578000000000002
2008-08-29,830.8,2.3791,3.8247,1.4455999999999998
2008-09-05,803.8,2.3017,3.6986,1.3969
2008-09-12,764.45,2.2149,3.7224,1.5074999999999998
2008-09-19,873.15,2.1761,3.8162,1.6401
2008-09-26,879.9,2.1002,3.8577,1.7574999999999998
2008-10-03,836.8,1.586,3.598,2.0119999999999996
2008-10-10,851.4,1.598,3.88,2.282
2008-10-17,783.7,1.619,3.936,2.317
2008-10-24,735.3,1.496,3.678,2.182
2008-10-31,725.05,1.568,3.974,2.406
2008-11-07,737.45,1.331,3.797,2.466
2008-11-14,742.55,1.216,3.731,2.5149999999999997
2008-11-21,800.0,1.131,3.24,2.109
2008-11-28,817.5,1.0,2.922,1.9220000000000002
2008-12-05,757.4,0.942,2.714,1.772
2008-12-12,821.95,0.767,2.572,1.8050000000000002
2008-12-19,838.35,0.75,2.13,1.38
2008-12-26,869.65,0.907,2.134,1.2269999999999999
2009-01-02,876.55,0.827,2.362,1.5350000000000001
2009-01-09,853.45,0.759,2.398,1.6390000000000002
2009-01-16,843.35,0.733,2.341,1.608
2009-01-23,899.4,0.822,2.615,1.7930000000000001
2009-01-30,927.75,0.958,2.851,1.893
2009-02-06,911.55,1.007,2.997,1.99
2009-02-13,942.1,0.968,2.895,1.927
2009-02-20,993.3,0.965,2.797,1.8320000000000003
2009-02-27,945.15,0.982,3.02,2.0380000000000003
2009-03-06,937.35,0.951,2.875,1.924
2009-03-13,928.2,0.968,2.896,1.928
2009-03-20,952.85,0.879,2.634,1.755
2009-03-27,923.05,0.926,2.764,1.8379999999999996
2009-04-03,893.9,0.959,2.902,1.943
2009-04-10,881.65,0.964,2.922,1.9580000000000002
2009-04-17,868.9,0.981,2.954,1.9730000000000003
2009-04-24,913.1,0.965,3.003,2.0380000000000003
2009-05-01,887.3,0.907,3.157,2.25
2009-05-08,917.05,0.983,3.289,2.306
2009-05-15,931.7,0.859,3.134,2.275
2009-05-22,957.35,0.895,3.45,2.555
2009-05-29,980.0,0.923,3.461,2.538
2009-06-05,956.3,1.296,3.84,2.5439999999999996
2009-06-12,938.9,1.272,3.792,2.5199999999999996
2009-06-19,934.3,1.202,3.773,2.571
2009-06-26,939.05,1.109,3.529,2.42
2009-07-03,932.5,0.985,3.502,2.517
2009-07-10,913.15,0.9,3.297,2.3970000000000002
2009-07-17,937.7,0.991,3.655,2.6639999999999997
2009-07-24,951.35,1.006,3.658,2.652
2009-07-31,954.75,1.111,3.481,2.37
2009-08-07,954.9,1.306,3.856,2.55
2009-08-14,947.35,1.065,3.569,2.504
2009-08-21,954.15,1.094,3.569,2.4749999999999996
2009-08-28,955.95,1.016,3.449,2.433
2009-09-04,994.4,0.932,3.445,2.513
2009-09-11,1005.85,0.907,3.349,2.442
2009-09-18,1007.15,1.0,3.469,2.469
2009-09-25,991.75,0.988,3.32,2.332
2009-10-02,1002.35,0.873,3.219,2.346
2009-10-09,1049.25,0.972,3.391,2.419
2009-10-16,1053.25,0.959,3.41,2.451
2009-10-23,1054.95,1.012,3.49,2.478
2009-10-30,1044.9,0.901,3.388,2.487
2009-11-06,1095.05,0.848,3.501,2.653
2009-11-13,1119.2,0.806,3.423,2.617
2009-11-20,1149.95,0.731,3.369,2.6380000000000003
2009-11-27,1177.7,0.687,3.207,2.5199999999999996
2009-12-04,1161.7,0.846,3.478,2.632
2009-12-11,1114.9,0.81,3.55,2.7399999999999998
2009-12-18,1112.5,0.799,3.546,2.747
2009-12-25,1104.5,0.968,3.805,2.837
2010-01-01,1097.35,1.143,3.837,2.694
2010-01-08,1136.6,0.976,3.836,2.86
2010-01-15,1130.9,0.87,3.676,2.806
2010-01-22,1093.0,0.792,3.601,2.809
2010-01-29,1081.55,0.816,3.588,2.7720000000000002
2010-02-05,1065.45,0.771,3.571,2.8000000000000003
2010-02-12,1093.4,0.831,3.695,2.864
2010-02-19,1118.85,0.92,3.776,2.856
2010-02-26,1116.5,0.816,3.619,2.8030000000000004
2010-03-05,1132.05,0.899,3.685,2.786
2010-03-12,1102.45,0.96,3.703,2.743
2010-03-19,1107.55,0.997,3.693,2.696
2010-03-26,1106.6,1.048,3.851,2.803
2010-04-02,1120.5,1.104,3.943,2.839
2010-04-09,1160.9,1.064,3.882,2.818
2010-04-16,1137.45,0.959,3.77,2.811
2010-04-23,1157.4,1.07,3.817,2.747
2010-04-30,1179.25,0.964,3.659,2.695
2010-05-07,1208.3,0.82,3.42,2.6
2010-05-14,1233.05,0.79,3.457,2.667
2010-05-21,1177.15,0.764,3.236,2.4720000000000004
2010-05-28,1214.81,0.774,3.303,2.529
2010-06-04,1220.0,0.73,3.208,2.478
2010-06-11,1227.4,0.734,3.233,2.499
2010-06-18,1257.35,0.714,3.225,2.511
2010-06-25,1255.5,0.653,3.11,2.457
2010-07-02,1211.6,0.629,2.977,2.348
2010-07-09,1212.0,0.633,3.057,2.424
2010-07-16,1193.65,0.589,2.927,2.338
2010-07-23,1189.1,0.588,3.0,2.412
2010-07-30,1180.9,0.554,2.905,2.351
2010-08-06,1205.3,0.506,2.822,2.316
2010-08-13,1215.55,0.533,2.679,2.146
2010-08-20,1228.05,0.495,2.616,2.121
2010-08-27,1238.2,0.56,2.647,2.0869999999999997
2010-09-03,1247.1,0.518,2.713,2.1950000000000003
2010-09-10,1246.45,0.571,2.795,2.224
2010-09-17,1274.9,0.468,2.743,2.275
2010-09-24,1296.95,0.444,2.607,2.1630000000000003
2010-10-01,1318.8,0.422,2.513,2.0909999999999997
2010-10-08,1346.8,0.347,2.395,2.048
2010-10-15,1369.15,0.367,2.567,2.2
2010-10-22,1328.2,0.359,2.561,2.202
2010-10-29,1359.55,0.34,2.603,2.2630000000000003
2010-11-05,1393.9,0.371,2.539,2.168
2010-11-12,1368.945,0.507,2.785,2.278
2010-11-19,1353.5,0.513,2.877,2.364
2010-11-26,1364.425,0.516,2.87,2.354
2010-12-03,1415.045,0.476,3.007,2.531
2010-12-10,1386.05,0.644,3.323,2.679
2010-12-17,1375.405,0.609,3.338,2.729
2010-12-24,1384.75,0.655,3.397,2.742
2010-12-31,1421.45,0.605,3.288,2.683
2011-01-07,1369.6,0.597,3.326,2.729
2011-01-14,1361.85,0.581,3.331,2.75
2011-01-21,1342.505,0.617,3.408,2.791
2011-01-28,1335.345,0.546,3.329,2.7830000000000004
2011-02-04,1349.25,0.752,3.64,2.888
2011-02-11,1356.1,0.838,3.638,2.8
2011-02-18,1387.3,0.755,3.582,2.827
2011-02-25,1409.25,0.72,3.416,2.6959999999999997
2011-03-04,1429.295,0.689,3.494,2.805
2011-03-11,1417.4,0.645,3.402,2.757
2011-03-18,1419.55,0.589,3.268,2.679
2011-03-25,1429.65,0.736,3.441,2.705
2011-04-01,1428.38,0.802,3.45,2.648
2011-04-08,1475.1,0.814,3.583,2.769
2011-04-15,1486.5,0.697,3.414,2.717
2011-04-22,1508.13,0.66,3.395,2.735
2011-04-29,1565.6,0.609,3.29,2.681
2011-05-06,1495.25,0.553,3.148,2.595
2011-05-13,1494.555,0.537,3.169,2.632
2011-05-20,1513.55,0.515,3.147,2.6319999999999997
2011-05-27,1536.65,0.48,3.072,2.592
2011-06-03,1542.5,0.429,2.991,2.5620000000000003
2011-06-10,1531.9,0.404,2.973,2.569
2011-06-17,1539.5,0.379,2.944,2.565
2011-06-24,1502.15,0.337,2.871,2.534
2011-07-01,1486.5,0.474,3.182,2.708
2011-07-08,1543.95,0.395,3.025,2.63
2011-07-15,1594.1,0.359,2.908,2.549
2011-07-22,1599.25,0.391,2.964,2.573
2011-07-29,1626.64,0.359,2.793,2.434
2011-08-05,1665.0,0.292,2.563,2.2710000000000004
2011-08-12,1746.6,0.195,2.26,2.065
2011-08-19,1852.45,0.193,2.068,1.875
2011-08-26,1828.55,0.196,2.19,1.994
2011-09-02,1884.2,0.204,1.994,1.79
2011-09-09,1857.81,0.173,1.915,1.742
2011-09-16,1811.95,0.173,2.057,1.884
2011-09-23,1656.585,0.222,1.83,1.608
2011-09-30,1623.75,0.247,1.917,1.67
2011-10-07,1639.45,0.296,2.076,1.78
2011-10-14,1679.95,0.269,2.251,1.9819999999999998
2011-10-21,1641.02,0.271,2.216,1.9450000000000003
2011-10-28,1742.95,0.293,2.324,2.0309999999999997
2011-11-04,1754.15,0.222,2.038,1.8159999999999998
2011-11-11,1788.995,0.234,2.057,1.823
2011-11-18,1723.05,0.282,2.005,1.7229999999999999
2011-11-25,1680.13,0.277,1.965,1.6880000000000002
2011-12-02,1745.25,0.254,2.033,1.779
2011-12-09,1711.095,0.226,2.063,1.8370000000000002
2011-12-16,1597.945,0.226,1.851,1.625
2011-12-23,1606.6,0.29,2.021,1.7309999999999999
2011-12-30,1564.3,0.247,1.876,1.629
2012-01-06,1616.845,0.26,1.958,1.698
2012-01-13,1639.35,0.225,1.87,1.645
2012-01-20,1666.9,0.242,2.025,1.783
2012-01-27,1738.895,0.215,1.891,1.676
2012-02-03,1725.3,0.238,1.924,1.686
2012-02-10,1719.845,0.278,1.984,1.706
2012-02-17,1722.445,0.294,2.0,1.706
2012-02-24,1773.495,0.309,1.977,1.6680000000000001
2012-03-02,1712.295,0.278,1.979,1.701
2012-03-09,1713.095,0.322,2.03,1.7079999999999997
2012-03-16,1660.65,0.3668,2.2976,1.9308
2012-03-23,1662.265,0.356,2.234,1.8780000000000001
2012-03-30,1668.9,0.336,2.214,1.878
2012-04-06,1639.495,0.322,2.047,1.725
2012-04-13,1659.0,0.27,1.989,1.719
2012-04-20,1642.7,0.27,1.959,1.689
2012-04-27,1662.05,0.262,1.936,1.674
2012-05-04,1642.83,0.258,1.879,1.621
2012-05-11,1580.05,0.262,1.841,1.579
2012-05-18,1593.085,0.298,1.723,1.425
2012-05-25,1573.45,0.293,1.747,1.4540000000000002
2012-06-01,1626.25,0.25,1.459,1.209
2012-06-08,1594.45,0.27,1.632,1.3619999999999999
2012-06-15,1626.76,0.274,1.586,1.312
2012-06-22,1572.15,0.303,1.676,1.373
2012-06-29,1598.6,0.305,1.643,1.338
2012-07-06,1582.9,0.274,1.549,1.275
2012-07-13,1589.05,0.242,1.491,1.249
2012-07-20,1583.63,0.206,1.458,1.252
2012-07-27,1624.05,0.243,1.545,1.302
2012-08-03,1603.2,0.24,1.568,1.328
2012-08-10,1620.35,0.265,1.659,1.3940000000000001
2012-08-17,1616.2,0.29,1.814,1.524
2012-08-24,1670.35,0.271,1.686,1.415
2012-08-31,1691.15,0.226,1.548,1.322
2012-09-07,1736.5,0.254,1.668,1.414
2012-09-14,1771.62,0.254,1.87,1.616
2012-09-21,1773.05,0.262,1.755,1.4929999999999999
2012-09-28,1771.625,0.234,1.633,1.399
2012-10-05,1781.5,0.262,1.732,1.47
2012-10-12,1754.25,0.262,1.656,1.394
2012-10-19,1720.2,0.299,1.766,1.467
2012-10-26,1711.35,0.301,1.749,1.4480000000000002
2012-11-02,1678.305,0.285,1.717,1.4320000000000002
2012-11-09,1731.745,0.262,1.613,1.351
2012-11-16,1713.35,0.242,1.584,1.342
2012-11-23,1753.0,0.274,1.693,1.419
2012-11-30,1715.8,0.25,1.613,1.363
2012-12-07,1704.75,0.242,1.623,1.381
2012-12-14,1695.445,0.238,1.704,1.466
2012-12-21,1656.85,0.27,1.77,1.5
2012-12-28,1655.7,0.25,1.701,1.451
2013-01-04,1657.25,0.268,1.903,1.635
2013-01-11,1662.85,0.249,1.866,1.617
2013-01-18,1684.545,0.254,1.84,1.586
2013-01-25,1659.0,0.276,1.949,1.673
2013-02-01,1667.395,0.266,2.025,1.759
2013-02-08,1668.1,0.25,1.95,1.7
2013-02-15,1609.2,0.27,2.005,1.7349999999999999
2013-02-22,1580.005,0.25,1.962,1.712
2013-03-01,1575.9,0.238,1.845,1.607
2013-03-08,1577.9,0.254,2.049,1.795
2013-03-15,1592.45,0.254,1.991,1.737
2013-03-22,1608.45,0.254,1.927,1.673
2013-03-29,1596.74,0.25,1.852,1.602
2013-04-05,1581.98,0.23,1.714,1.484
2013-04-12,1478.85,0.23,1.721,1.491
2013-04-19,1404.35,0.234,1.705,1.471
2013-04-26,1463.0,0.215,1.665,1.45
2013-05-03,1470.75,0.22,1.74,1.52
2013-05-10,1448.0,0.241,1.9,1.6589999999999998
2013-05-17,1360.15,0.246,1.954,1.708
2013-05-24,1386.05,0.251,2.011,1.7600000000000002
2013-05-31,1386.9,0.297,2.132,1.8350000000000002
2013-06-07,1384.465,0.306,2.179,1.8729999999999998
2013-06-14,1390.7,0.274,2.129,1.855
2013-06-21,1297.25,0.372,2.542,2.17
2013-06-28,1234.25,0.359,2.487,2.128
2013-07-05,1223.805,0.399,2.736,2.337
2013-07-12,1284.9,0.347,2.592,2.245
2013-07-19,1296.35,0.302,2.482,2.18
2013-07-26,1333.9,0.317,2.564,2.247
2013-08-02,1312.0,0.301,2.598,2.2969999999999997
2013-08-09,1314.5,0.306,2.58,2.274
2013-08-16,1376.4,0.343,2.825,2.482
2013-08-23,1397.25,0.38,2.818,2.438
2013-08-30,1396.4,0.403,2.789,2.386
2013-09-06,1391.605,0.458,2.938,2.48
2013-09-13,1326.725,0.435,2.89,2.455
2013-09-20,1325.385,0.335,2.736,2.4010000000000002
2013-09-27,1336.205,0.336,2.628,2.2920000000000003
2013-10-04,1311.35,0.333,2.645,2.312
2013-10-11,1273.11,0.342,2.682,2.34
2013-10-18,1316.245,0.315,2.589,2.274
2013-10-25,1352.135,0.303,2.503,2.2
2013-11-01,1315.35,0.313,2.62,2.307
2013-11-08,1289.0,0.31,2.746,2.436
2013-11-15,1288.4,0.294,2.707,2.413
2013-11-22,1243.6,0.282,2.754,2.472
2013-11-29,1253.495,0.281,2.741,2.46
2013-12-06,1228.85,0.306,2.881,2.5749999999999997
2013-12-13,1238.3,0.326,2.868,2.542
2013-12-20,1203.25,0.376,2.885,2.509
2013-12-27,1214.3,0.395,3.006,2.6109999999999998
2014-01-03,1236.55,0.396,2.995,2.599
2014-01-10,1247.1,0.378,2.86,2.4819999999999998
2014-01-17,1253.82,0.379,2.827,2.448
2014-01-24,1267.82,0.348,2.735,2.387
2014-01-31,1243.8,0.34,2.666,2.326
2014-02-07,1267.06,0.307,2.675,2.368
2014-02-14,1318.94,0.319,2.745,2.426
2014-02-21,1323.4,0.318,2.734,2.416
2014-02-28,1326.4,0.329,2.66,2.331
2014-03-07,1340.25,0.373,2.792,2.4189999999999996
2014-03-14,1382.24,0.342,2.645,2.303
2014-03-21,1334.55,0.433,2.75,2.317
2014-03-28,1294.0,0.45,2.712,2.262
2014-04-04,1302.71,0.415,2.726,2.311
2014-04-11,1318.5,0.355,2.619,2.2640000000000002
2014-04-18,1293.78,0.399,2.721,2.322
2014-04-25,1303.45,0.434,2.666,2.2319999999999998
2014-05-02,1300.32,0.43,2.593,2.163
2014-05-09,1289.33,0.383,2.623,2.24
2014-05-16,1293.7,0.363,2.518,2.155
2014-05-23,1293.11,0.346,2.534,2.1879999999999997
2014-05-30,1251.0,0.371,2.457,2.086
2014-06-06,1252.73,0.403,2.597,2.194
2014-06-13,1276.95,0.455,2.604,2.149
2014-06-20,1314.82,0.464,2.624,2.16
2014-06-27,1315.35,0.461,2.532,2.071
2014-07-04,1320.55,0.512,2.648,2.136
2014-07-11,1338.15,0.452,2.52,2.068
2014-07-18,1310.9,0.48,2.484,2.004
2014-07-25,1308.05,0.492,2.469,1.9769999999999999
2014-08-01,1294.1,0.476,2.505,2.029
2014-08-08,1309.6,0.44,2.415,1.975
2014-08-15,1304.6,0.411,2.345,1.9340000000000002
2014-08-22,1281.23,0.492,2.403,1.911
2014-08-29,1287.57,0.492,2.345,1.8530000000000002
2014-09-05,1268.85,0.512,2.46,1.948
2014-09-12,1228.63,0.564,2.614,2.05
2014-09-19,1216.45,0.573,2.587,2.0140000000000002
2014-09-26,1219.51,0.587,2.535,1.9480000000000002
2014-10-03,1191.2,0.571,2.447,1.8760000000000001
2014-10-10,1223.48,0.444,2.305,1.8610000000000002
2014-10-17,1238.19,0.375,2.199,1.8239999999999998
2014-10-24,1231.46,0.39,2.273,1.883
2014-10-31,1174.42,0.497,2.335,1.838
2014-11-07,1176.65,0.503,2.312,1.8089999999999997
2014-11-14,1188.25,0.512,2.32,1.8079999999999998
2014-11-21,1201.4,0.505,2.315,1.81
2014-11-28,1167.35,0.492,2.196,1.7040000000000002
2014-12-05,1192.05,0.643,2.307,1.664
2014-12-12,1222.6,0.552,2.103,1.5510000000000002
2014-12-19,1195.95,0.65,2.176,1.5260000000000002
2014-12-26,1195.4,0.739,2.25,1.5110000000000001
2015-01-02,1189.18,0.669,2.123,1.4540000000000002
2015-01-09,1223.4,0.577,1.969,1.3920000000000001
2015-01-16,1280.3,0.48,1.815,1.335
2015-01-23,1294.55,0.499,1.818,1.319
2015-01-30,1283.55,0.472,1.68,1.208
2015-02-06,1233.72,0.64,1.938,1.298
2015-02-13,1229.7,0.641,2.021,1.38
2015-02-20,1202.4,0.646,2.133,1.487
2015-02-27,1213.15,0.626,2.002,1.376
2015-03-06,1167.21,0.723,2.24,1.5170000000000003
2015-03-13,1159.48,0.653,2.11,1.4569999999999999
2015-03-20,1182.68,0.585,1.93,1.345
2015-03-27,1199.3,0.583,1.948,1.365
2015-04-03,1210.9,0.4841,1.8416,1.3575
2015-04-10,1208.05,0.564,1.953,1.3890000000000002
2015-04-17,1204.65,0.504,1.85,1.346
2015-04-24,1179.38,0.512,1.917,1.405
2015-05-01,1178.5,0.603,2.117,1.514
2015-05-08,1188.15,0.576,2.15,1.5739999999999998
2015-05-15,1223.85,0.54,2.141,1.601
2015-05-22,1206.38,0.626,2.229,1.6030000000000002
2015-05-29,1190.5,0.605,2.095,1.4900000000000002
2015-06-05,1172.0,0.721,2.4,1.6789999999999998
2015-06-12,1180.8,0.726,2.385,1.6589999999999998
2015-06-19,1200.51,0.621,2.267,1.646
2015-06-26,1175.0725,0.712,2.476,1.764
2015-07-03,1167.94,0.633,2.391,1.758
2015-07-10,1163.96,0.653,2.415,1.762
2015-07-17,1134.1,0.67,2.349,1.6790000000000003
2015-07-24,1099.1,0.682,2.273,1.5910000000000002
2015-07-31,1095.65,0.676,2.205,1.529
2015-08-07,1094.2,0.725,2.175,1.4499999999999997
2015-08-14,1114.105,0.73,2.198,1.468
2015-08-21,1161.05,0.629,2.05,1.4209999999999998
2015-08-28,1133.96,0.731,2.184,1.4530000000000003
2015-09-04,1123.0,0.705,2.128,1.423
2015-09-11,1107.9,0.709,2.183,1.4739999999999998
2015-09-18,1139.4,0.678,2.132,1.4540000000000002
2015-09-25,1146.245,0.696,2.168,1.4720000000000002
2015-10-02,1138.14,0.577,1.989,1.4120000000000001
2015-10-09,1157.53,0.645,2.099,1.4540000000000002
2015-10-16,1177.2,0.609,2.023,1.4140000000000001
2015-10-23,1164.255,0.641,2.083,1.4420000000000002
2015-10-30,1142.375,0.736,2.151,1.4149999999999998
2015-11-06,1088.645,0.89,2.333,1.443
2015-11-13,1083.645,0.859,2.28,1.4209999999999998
2015-11-20,1078.095,0.913,2.262,1.349
2015-11-27,1058.81,0.926,2.225,1.299
2015-12-04,1086.995,0.947,2.275,1.3279999999999998
2015-12-11,1074.895,0.895,2.139,1.2439999999999998
2015-12-18,1066.195,0.96,2.197,1.237
2015-12-25,1075.875,1.002,2.243,1.2409999999999999
2016-01-01,1060.74,1.064,2.275,1.2109999999999999
2016-01-08,1104.24,0.948,2.131,1.1829999999999998
2016-01-15,1089.095,0.85,2.033,1.1829999999999998
2016-01-22,1098.295,0.869,2.048,1.179
2016-01-29,1118.04,0.774,1.93,1.156
2016-02-05,1173.69,0.726,1.848,1.122
2016-02-12,1238.045,0.698,1.746,1.048
2016-02-19,1228.195,0.746,1.748,1.002
2016-02-26,1222.595,0.801,1.764,0.963
2016-03-04,1259.445,0.878,1.883,1.005
2016-03-11,1248.445,0.959,1.977,1.0180000000000002
2016-03-18,1255.295,0.839,1.871,1.032
2016-03-25,1216.475,0.869,1.893,1.024
2016-04-01,1222.495,0.764,1.791,1.027
2016-04-08,1240.395,0.703,1.722,1.0190000000000001
2016-04-15,1234.045,0.734,1.752,1.018
2016-04-22,1232.295,0.822,1.888,1.0659999999999998
2016-04-29,1293.745,0.774,1.819,1.045
2016-05-06,1288.7,0.738,1.777,1.039
2016-05-13,1273.6,0.754,1.705,0.9510000000000001
2016-05-20,1252.295,0.889,1.849,0.96
2016-05-27,1212.4,0.883,1.835,0.952
2016-06-03,1244.495,0.784,1.704,0.9199999999999999
2016-06-10,1274.2,0.739,1.639,0.9
2016-06-17,1298.595,0.701,1.618,0.9170000000000001
2016-06-24,1315.98,0.653,1.579,0.9259999999999999
2016-07-01,1342.295,0.597,1.461,0.8640000000000001
2016-07-08,1366.8,0.613,1.365,0.752
2016-07-15,1337.85,0.706,1.594,0.8880000000000001
2016-07-22,1322.385,0.707,1.568,0.8610000000000001
2016-07-29,1350.91,0.667,1.458,0.7909999999999999
2016-08-05,1335.795,0.722,1.582,0.8600000000000001
2016-08-12,1336.19,0.71,1.515,0.8049999999999999
2016-08-19,1341.78,0.746,1.58,0.8340000000000001
2016-08-26,1321.3301,0.845,1.633,0.788
2016-09-02,1325.01,0.794,1.597,0.8029999999999999
2016-09-09,1328.15,0.79,1.671,0.881
2016-09-16,1310.4251,0.778,1.701,0.923
2016-09-23,1337.605,0.754,1.615,0.861
2016-09-30,1315.96,0.766,1.606,0.8400000000000001
2016-10-07,1256.965,0.846,1.736,0.89
2016-10-14,1250.55,0.839,1.792,0.9530000000000001
2016-10-21,1266.75,0.827,1.74,0.913
2016-10-28,1276.295,0.857,1.845,0.988
2016-11-04,1304.25,0.798,1.783,0.9849999999999999
2016-11-11,1225.68,0.907,2.118,1.2109999999999999
2016-11-18,1208.695,1.06,2.337,1.2770000000000001
2016-11-25,1183.63,1.135,2.37,1.235
2016-12-02,1176.92,1.108,2.39,1.282
2016-12-09,1157.87,1.133,2.464,1.331
2016-12-16,1134.0851,1.257,2.597,1.34
2016-12-23,1133.495,1.206,2.539,1.3330000000000002
2016-12-30,1151.845,1.198,2.432,1.234
2017-01-06,1172.81,1.218,2.418,1.2000000000000002
2017-01-13,1197.66,1.193,2.38,1.1869999999999998
2017-01-20,1209.96,1.197,2.467,1.27
2017-01-27,1191.595,1.212,2.481,1.269
2017-02-03,1219.88,1.209,2.491,1.282
2017-02-10,1234.115,1.198,2.409,1.2109999999999999
2017-02-17,1235.29,1.198,2.425,1.2269999999999999
2017-02-24,1256.945,1.145,2.317,1.1720000000000002
2017-03-03,1234.3,1.305,2.492,1.187
2017-03-10,1204.545,1.359,2.582,1.2229999999999999
2017-03-17,1229.15,1.317,2.5,1.183
2017-03-24,1244.175,1.248,2.4,1.152
2017-03-31,1249.13,1.258,2.395,1.137
2017-04-07,1254.05,1.286,2.373,1.0870000000000002
2017-04-14,1285.69,1.201,2.228,1.0270000000000001
2017-04-21,1284.5,1.184,2.236,1.0520000000000003
2017-04-28,1268.15,1.27,2.282,1.012
2017-05-05,1227.735,1.318,2.352,1.0339999999999998
2017-05-12,1228.83,1.294,2.333,1.0390000000000001
2017-05-19,1255.55,1.279,2.245,0.9660000000000002
2017-05-26,1267.045,1.302,2.25,0.948
2017-06-02,1279.98,1.29,2.159,0.8689999999999998
2017-06-09,1266.4,1.335,2.199,0.8639999999999999
2017-06-16,1253.63,1.319,2.157,0.8380000000000001
2017-06-23,1256.9,1.34,2.144,0.804
2017-06-30,1241.6,1.386,2.302,0.9160000000000001
2017-07-07,1212.9,1.407,2.393,0.9859999999999998
2017-07-14,1228.98,1.356,2.319,0.9629999999999999
2017-07-21,1254.9,1.344,2.232,0.8880000000000001
2017-07-28,1269.25,1.351,2.287,0.9359999999999999
2017-08-04,1258.6,1.359,2.269,0.9100000000000001
2017-08-11,1289.21,1.294,2.187,0.8929999999999998
2017-08-18,1284.5,1.314,2.194,0.8799999999999999
2017-08-25,1291.155,1.334,2.171,0.8369999999999997
2017-09-01,1324.97,1.346,2.157,0.8109999999999999
2017-09-08,1346.71,1.274,2.061,0.7869999999999999
2017-09-15,1319.625,1.384,2.202,0.8180000000000001
2017-09-22,1297.38,1.443,2.262,0.819
2017-09-29,1279.45,1.479,2.326,0.847
2017-10-06,1276.025,1.512,2.368,0.8559999999999999
2017-10-13,1304.875,1.497,2.28,0.7829999999999997
2017-10-20,1280.725,1.576,2.381,0.8049999999999997
2017-10-27,1273.35,1.603,2.428,0.825
2017-11-03,1269.845,1.625,2.343,0.718
2017-11-10,1276.11005,1.662,2.4,0.738
2017-11-17,1294.37,1.73,2.354,0.6240000000000001
2017-11-24,1288.225,1.748,2.34,0.5919999999999999
2017-12-01,1280.265,1.778,2.363,0.585
2017-12-08,1248.145,1.799,2.383,0.5840000000000001
2017-12-15,1255.2601,1.84,2.355,0.5149999999999999
2017-12-22,1275.005,1.895,2.488,0.593
2017-12-29,1302.545,1.891,2.411,0.52
2018-01-05,1320.21,1.96,2.476,0.516
2018-01-12,1338.405,2.002,2.552,0.5500000000000003
2018-01-19,1331.795,2.061,2.639,0.5779999999999998
2018-01-26,1350.145,2.12,2.662,0.5419999999999998
2018-02-02,1332.98,2.153,2.852,0.6989999999999998
2018-02-09,1316.69,2.061,2.831,0.77
2018-02-16,1347.86,2.189,2.877,0.6879999999999997
2018-02-23,1328.94,2.242,2.871,0.629
2018-03-02,1322.205,2.238,2.857,0.6190000000000002
2018-03-09,1323.705,2.266,2.894,0.6280000000000001
2018-03-16,1314.0,2.295,2.848,0.5529999999999999
2018-03-23,1347.225,2.262,2.826,0.5640000000000001
2018-03-30,1325.0,2.274,2.744,0.4700000000000002
2018-04-06,1333.195,2.274,2.775,0.5009999999999999
2018-04-13,1345.46,2.369,2.828,0.45899999999999963
2018-04-20,1335.125,2.457,2.951,0.4940000000000002
2018-04-27,1322.795,2.484,2.957,0.47299999999999986
2018-05-04,1315.05,2.501,2.944,0.44300000000000006
2018-05-11,1318.2151,2.539,2.971,0.43199999999999994
2018-05-18,1292.5,2.549,3.067,0.5180000000000002
2018-05-25,1301.61,2.484,2.935,0.45100000000000007
2018-06-01,1293.145,2.468,2.895,0.42700000000000005
2018-06-08,1298.75,2.496,2.935,0.43900000000000006
2018-06-15,1279.8401,2.553,2.924,0.371
2018-06-22,1269.28,2.55,2.9,0.3500000000000001
2018-06-29,1253.0,2.528,2.851,0.32299999999999995
2018-07-06,1254.985,2.545,2.831,0.28600000000000003
2018-07-13,1241.52,2.582,2.831,0.2490000000000001
2018-07-20,1231.765,2.599,2.893,0.2939999999999996
2018-07-27,1223.375,2.677,2.962,0.28500000000000014
2018-08-03,1213.43,2.645,2.952,0.30699999999999994
2018-08-10,1211.3,2.6,2.859,0.2589999999999999
2018-08-17,1184.77,2.62,2.873,0.2530000000000001
2018-08-24,1205.965,2.629,2.826,0.19700000000000006
2018-08-31,1201.09,2.629,2.853,0.2240000000000002
2018-09-07,1195.855,2.707,2.942,0.23500000000000032
2018-09-14,1193.71,2.782,2.994,0.2120000000000002
2018-09-21,1199.545,2.804,3.068,0.26400000000000023
2018-09-28,1192.09,2.819,3.056,0.2370000000000001
2018-10-05,1202.855,2.889,3.227,0.3380000000000001
2018-10-12,1217.93,2.84,3.141,0.30100000000000016
2018-10-19,1226.315,2.912,3.202,0.29000000000000004
2018-10-26,1233.585,2.81,3.076,0.266
2018-11-02,1232.89,2.912,3.214,0.30200000000000005
2018-11-09,1209.595,2.932,3.189,0.2570000000000001
2018-11-16,1221.47,2.812,3.074,0.262
2018-11-23,1223.19,2.82,3.054,0.23399999999999999
2018-11-30,1221.965,2.811,3.013,0.20199999999999996
2018-12-07,1248.095,2.711,2.85,0.13900000000000023
2018-12-14,1238.21,2.731,2.889,0.15799999999999992
2018-12-21,1256.01,2.643,2.792,0.14900000000000002
2018-12-28,1280.75,2.536,2.738,0.20199999999999996
2019-01-04,1284.92,2.486,2.659,0.1729999999999996
2019-01-11,1288.0,2.545,2.699,0.15399999999999991
2019-01-18,1281.495,2.612,2.782,0.16999999999999993
2019-01-25,1303.22,2.6,2.751,0.1509999999999998
2019-02-01,1318.0,2.51,2.691,0.18100000000000005
2019-02-08,1314.065,2.463,2.632,0.16900000000000004
2019-02-15,1321.41,2.52,2.666,0.1459999999999999
2019-02-22,1327.795,2.491,2.655,0.1639999999999997
2019-03-01,1293.5623,2.559,2.755,0.19599999999999973
2019-03-08,1298.395,2.463,2.625,0.16199999999999992
2019-03-15,1301.38,2.444,2.593,0.14900000000000002
2019-03-22,1313.38,2.329,2.455,0.1259999999999999
2019-03-29,1292.15,2.274,2.414,0.14000000000000012
2019-04-05,1291.7,2.343,2.499,0.15600000000000014
2019-04-12,1290.4,2.396,2.56,0.16400000000000015
2019-04-19,1275.395,2.384,2.558,0.17399999999999993
2019-04-26,1286.25,2.288,2.504,0.2160000000000002
2019-05-03,1279.1899,2.339,2.53,0.19099999999999984
2019-05-10,1286.0,2.252,2.455,0.2030000000000003
2019-05-17,1277.55,2.202,2.393,0.19099999999999984
2019-05-24,1284.895,2.175,2.329,0.15400000000000036
2019-05-31,1305.65,1.944,2.142,0.19799999999999995
2019-06-07,1340.7,1.849,2.084,0.2350000000000001
2019-06-14,1341.58,1.851,2.094,0.24299999999999988
2019-06-21,1399.05,1.78,2.066,0.2859999999999998
2019-06-28,1409.5,1.741,2.0,0.2589999999999999
2019-07-05,1399.95,1.873,2.044,0.17100000000000004
2019-07-12,1415.745,1.839,2.106,0.2669999999999999
2019-07-19,1425.295,1.816,2.05,0.23399999999999976
2019-07-26,1418.695,1.87,2.081,0.21099999999999985
2019-08-02,1440.705,1.722,1.855,0.133
2019-08-09,1497.24,1.63,1.734,0.10400000000000009
2019-08-16,1514.15,1.478,1.54,0.062000000000000055
2019-08-23,1526.85,1.529,1.527,-0.0020000000000000018
2019-08-30,1520.25,1.506,1.506,0.0
2019-09-06,1506.95,1.528,1.55,0.02200000000000002
2019-09-13,1488.7,1.802,1.899,0.09699999999999998
2019-09-20,1517.15,1.712,1.753,0.040999999999999925
2019-09-27,1496.945,1.624,1.673,0.04899999999999993
2019-10-04,1504.6,1.398,1.514,0.1160000000000001
2019-10-11,1489.85,1.614,1.753,0.1389999999999998
2019-10-18,1490.1,1.576,1.75,0.17399999999999993
2019-10-25,1504.73,1.626,1.801,0.17500000000000004
2019-11-01,1513.95,1.562,1.728,0.16599999999999993
2019-11-08,1458.657,1.666,1.933,0.2670000000000001
2019-11-15,1467.3669,1.612,1.834,0.22199999999999998
2019-11-22,1462.29,1.63,1.774,0.14400000000000013
2019-11-29,1464.8,1.602,1.776,0.17399999999999993
2019-12-06,1459.7571,1.621,1.843,0.22199999999999998
2019-12-13,1475.8086,1.604,1.821,0.21699999999999986
2019-12-20,1478.1997,1.629,1.917,0.28800000000000003
2019-12-27,1510.6667,1.589,1.873,0.28400000000000003
2020-01-03,1551.6527,1.525,1.788,0.2630000000000001
2020-01-10,1562.283,1.572,1.827,0.2549999999999999
2020-01-17,1556.6098,1.569,1.835,0.266
2020-01-24,1570.655,1.486,1.68,0.19399999999999995
2020-01-31,1590.2,1.329,1.519,0.18999999999999995
2020-02-07,1570.2858,1.399,1.577,0.17799999999999994
2020-02-14,1584.705,1.424,1.588,0.16400000000000015
2020-02-21,1643.7011,1.35,1.47,0.11999999999999988
2020-02-28,1585.125,0.878,1.126,0.2479999999999999
2020-03-06,1674.235,0.477,0.707,0.22999999999999998
2020-03-13,1529.6951,0.492,0.954,0.46199999999999997
2020-03-20,1498.245,0.366,0.938,0.572
2020-03-27,1623.5,0.261,0.744,0.483
2020-04-03,1618.45,0.213,0.589,0.376
2020-04-10,1689.9,0.225,0.722,0.497
2020-04-17,1684.6899,0.206,0.656,0.45000000000000007
2020-04-24,1729.43,0.216,0.596,0.38
2020-05-01,1700.415,0.202,0.64,0.438
2020-05-08,1702.65,0.149,0.681,0.532
2020-05-15,1743.0,0.149,0.64,0.491
2020-05-22,1736.07,0.168,0.659,0.491
2020-05-29,1728.3,0.156,0.644,0.488
2020-06-05,1685.835,0.216,0.905,0.6890000000000001
2020-06-12,1730.795,0.191,0.699,0.508
2020-06-19,1743.6151,0.188,0.699,0.5109999999999999
2020-06-26,1771.475,0.168,0.638,0.47
2020-07-03,1775.045,0.155,0.671,0.516
2020-07-10,1798.895,0.155,0.633,0.478
2020-07-17,1809.9,0.147,0.628,0.481
2020-07-24,1901.4551,0.149,0.589,0.43999999999999995
2020-07-31,1975.895,0.111,0.536,0.42500000000000004
2020-08-07,2035.0251,0.127,0.562,0.43500000000000005
2020-08-14,1944.29,0.149,0.709,0.5599999999999999
2020-08-21,1940.165,0.147,0.64,0.493
2020-08-28,1964.895,0.135,0.729,0.594
2020-09-04,1932.85,0.151,0.723,0.572
2020-09-11,1942.5,0.129,0.667,0.538
2020-09-18,1950.2525,0.139,0.694,0.5549999999999999
2020-09-25,1861.05,0.131,0.659,0.528
2020-10-02,1899.7,0.133,0.694,0.5609999999999999
2020-10-09,1930.43,0.153,0.775,0.622
2020-10-16,1899.225,0.145,0.744,0.599
2020-10-23,1901.8551,0.155,0.841,0.6859999999999999
2020-10-30,1878.95,0.152,0.859,0.707
2020-11-06,1951.895,0.155,0.82,0.6649999999999999
2020-11-13,1888.5868,0.179,0.893,0.714
2020-11-20,1871.0158,0.163,0.829,0.6659999999999999
2020-11-27,1789.05,0.154,0.842,0.688
2020-12-04,1837.995,0.153,0.969,0.816
2020-12-11,1839.5593,0.121,0.891,0.77
2020-12-18,1881.045,0.123,0.948,0.825
2020-12-25,1877.075,0.121,0.93,0.809
2021-01-01,1898.6,0.121,0.912,0.791
2021-01-08,1848.645,0.137,1.107,0.97
2021-01-15,1826.995,0.137,1.097,0.96
2021-01-22,1853.55,0.125,1.091,0.966
2021-01-29,1846.495,0.117,1.094,0.9770000000000001
2021-02-05,1811.9497,0.107,1.17,1.063
2021-02-12,1823.845,0.111,1.2,1.089
2021-02-19,1782.695,0.109,1.345,1.236
2021-02-26,1733.895,0.145,1.456,1.311
2021-03-05,1701.245,0.141,1.554,1.413
2021-03-12,1726.95,0.151,1.635,1.484
2021-03-19,1745.1884,0.151,1.732,1.581
2021-03-26,1732.5675,0.141,1.66,1.519
2021-04-02,1729.34,0.162,1.673,1.5110000000000001
2021-04-09,1744.1,0.157,1.666,1.509
2021-04-16,1776.685,0.163,1.573,1.41
2021-04-23,1778.18,0.157,1.567,1.41
2021-04-30,1769.195,0.162,1.631,1.469
2021-05-07,1831.025,0.145,1.579,1.434
2021-05-14,1843.19,0.151,1.635,1.484
2021-05-21,1881.3,0.157,1.632,1.4749999999999999
2021-05-28,1903.64,0.145,1.593,1.448
2021-06-04,1890.97,0.149,1.56,1.411
2021-06-11,1877.64,0.151,1.462,1.311
2021-06-18,1764.34,0.258,1.45,1.192
2021-06-25,1781.34,0.27,1.536,1.266
2021-07-02,1787.38495,0.238,1.432,1.194
2021-07-09,1808.98,0.217,1.356,1.139
2021-07-16,1811.89,0.226,1.299,1.073
2021-07-23,1802.34,0.2,1.285,1.085
2021-07-30,1814.08835,0.188,1.239,1.0510000000000002
2021-08-06,1763.09,0.208,1.288,1.08
2021-08-13,1779.7375,0.215,1.297,1.0819999999999999
2021-08-20,1781.25,0.224,1.26,1.036
2021-08-27,1817.225,0.217,1.312,1.095
2021-09-03,1827.19,0.208,1.322,1.114
2021-09-10,1787.675,0.217,1.341,1.1239999999999999
2021-09-17,1754.7317,0.226,1.37,1.1440000000000001
2021-09-24,1750.415,0.274,1.461,1.187
2021-10-01,1760.69495,0.264,1.467,1.203
2021-10-08,1757.03005,0.318,1.605,1.287
2021-10-15,1767.5949,0.401,1.576,1.175
2021-10-22,1793.00505,0.464,1.655,1.191
2021-10-29,1783.39,0.495,1.556,1.061
2021-11-05,1817.73,0.399,1.453,1.054
2021-11-12,1864.5664,0.522,1.584,1.062
2021-11-19,1845.6,0.505,1.536,1.0310000000000001
2021-11-26,1792.0656,0.52,1.485,0.9650000000000001
2021-12-03,1784.0692,0.591,1.341,0.75
2021-12-10,1782.895,0.662,1.489,0.8270000000000001
2021-12-17,1798.1912,0.642,1.402,0.7599999999999999
2021-12-24,1808.40005,0.688,1.493,0.8050000000000002
2021-12-31,1828.77665,0.732,1.498,0.766
2022-01-07,1796.1553,0.87,1.769,0.8989999999999999
2022-01-14,1817.55,0.967,1.772,0.805
2022-01-21,1833.7525,0.993,1.747,0.7540000000000001
2022-01-28,1791.40805,1.172,1.78,0.6080000000000001
2022-02-04,1807.88,1.322,1.932,0.6099999999999999
2022-02-11,1860.5592,1.516,1.951,0.43500000000000005
2022-02-18,1898.30315,1.472,1.93,0.45799999999999996
2022-02-25,1887.98245,1.586,1.984,0.3979999999999999
2022-03-04,1968.90875,1.49,1.722,0.23199999999999998
2022-03-11,1985.67395,1.75,2.006,0.2559999999999998
2022-03-18,1921.45505,1.957,2.148,0.19100000000000006
2022-03-25,1958.4,2.299,2.493,0.19399999999999995
2022-04-01,1925.3,2.432,2.375,-0.05699999999999994
2022-04-08,1946.85,2.52,2.715,0.19499999999999984
2022-04-15,1974.81005,2.444,2.808,0.3639999999999999
2022-04-22,1930.73,2.715,2.906,0.19100000000000028
2022-04-29,1896.83495,2.7,2.885,0.1849999999999996
2022-05-06,1883.585,2.696,3.124,0.42799999999999994
2022-05-13,1811.7251,2.597,2.933,0.33599999999999985
2022-05-20,1846.68,2.583,2.787,0.20399999999999974
2022-05-27,1853.73,2.498,2.749,0.2509999999999999
2022-06-03,1851.145,2.667,2.955,0.28800000000000026
2022-06-10,1871.46,3.049,3.157,0.1080000000000001
2022-06-17,1840.35,3.166,3.239,0.07299999999999995
2022-06-24,1827.18,3.057,3.124,0.06700000000000017
2022-07-01,1811.18,2.845,2.904,0.05899999999999972
2022-07-08,1742.82,3.121,3.101,-0.020000000000000018
2022-07-15,1707.78,3.135,2.93,-0.20499999999999963
2022-07-22,1727.46,2.991,2.781,-0.20999999999999996
2022-07-29,1766.22,2.897,2.642,-0.2549999999999999
2022-08-05,1775.15,3.248,2.84,-0.40800000000000036
2022-08-12,1802.335,3.257,2.849,-0.4079999999999999
2022-08-19,1748.1066,3.265,2.989,-0.27600000000000025
2022-08-26,1737.86,3.393,3.035,-0.35799999999999965
2022-09-02,1712.44,3.398,3.191,-0.2070000000000003
2022-09-09,1717.05,3.571,3.321,-0.25
2022-09-16,1675.3161,3.859,3.447,-0.4119999999999999
2022-09-23,1644.09,4.214,3.697,-0.5170000000000003
2022-09-30,1660.67,4.209,3.804,-0.4049999999999998
2022-10-07,1694.775,4.308,3.885,-0.42300000000000004
2022-10-14,1642.0986,4.507,4.006,-0.5009999999999994
2022-10-21,1657.66,4.491,4.212,-0.2789999999999999
2022-10-28,1642.76,4.422,4.01,-0.4119999999999999
2022-11-04,1681.27,4.652,4.158,-0.4939999999999998
2022-11-11,1770.995,4.326,3.829,-0.49699999999999944
2022-11-18,1749.955,4.51,3.818,-0.6919999999999997
2022-11-25,1756.44,4.479,3.702,-0.7770000000000001
2022-12-02,1797.97,4.28,3.503,-0.7770000000000001
2022-12-09,1796.855,4.33,3.567,-0.7629999999999999
2022-12-16,1792.41,4.18,3.482,-0.6979999999999995
2022-12-23,1798.135,4.323,3.747,-0.5760000000000005
2022-12-30,1824.7,4.403,3.831,-0.5719999999999996
2023-01-06,1866.085,4.26,3.571,-0.6889999999999996
2023-01-13,1920.435,4.241,3.511,-0.7299999999999995
2023-01-20,1927.0323,4.183,3.484,-0.6989999999999998
2023-01-27,1928.09,4.207,3.518,-0.6890000000000001
2023-02-03,1865.755,4.301,3.532,-0.7690000000000001
2023-02-10,1865.045,4.513,3.743,-0.77
2023-02-17,1841.965,4.623,3.828,-0.7950000000000004
2023-02-24,1810.88,4.805,3.949,-0.8559999999999999
2023-03-03,1855.195,4.861,3.963,-0.8979999999999997
2023-03-10,1868.055,4.588,3.695,-0.8930000000000002
2023-03-17,1989.1801,3.846,3.397,-0.4490000000000003
2023-03-24,1977.6585,3.777,3.378,-0.399
2023-03-31,1969.15,4.062,3.49,-0.5720000000000001
2023-04-07,2008.3701,3.972,3.383,-0.589
2023-04-14,2004.29,4.103,3.522,-0.581
2023-04-21,1983.245,4.19,3.572,-0.6180000000000003
2023-04-28,1990.0295,4.064,3.452,-0.6120000000000001
2023-05-05,2016.7184,3.922,3.446,-0.476
2023-05-12,2011.405,4.004,3.463,-0.5409999999999995
2023-05-19,1977.8051,4.289,3.692,-0.5969999999999995
2023-05-26,1946.6051,4.589,3.82,-0.7690000000000006
2023-06-02,1948.02,4.503,3.693,-0.81
2023-06-09,1960.99,4.604,3.745,-0.859
2023-06-16,1957.85,4.723,3.769,-0.9539999999999997
2023-06-23,1921.6145,4.75,3.739,-1.0110000000000001
2023-06-30,1919.8954,4.877,3.819,-1.0579999999999998
2023-07-07,1925.5325,4.931,4.048,-0.883
2023-07-14,1955.3217,4.751,3.82,-0.9310000000000005
2023-07-21,1961.4773,4.848,3.839,-1.009
2023-07-28,1959.4751,4.897,3.969,-0.9280000000000004
2023-08-04,1942.8733,4.791,4.062,-0.7290000000000001
2023-08-11,1913.6701,4.895,4.168,-0.7269999999999994
2023-08-18,1889.4434,4.936,4.251,-0.6849999999999996
2023-08-25,1915.0551,5.056,4.239,-0.8170000000000002
2023-09-01,1940.045,4.868,4.173,-0.6950000000000003
2023-09-08,1919.0551,4.984,4.256,-0.7279999999999998
2023-09-15,1923.83,5.033,4.322,-0.7110000000000003
2023-09-22,1925.3,5.123,4.44,-0.6829999999999998
2023-09-29,1848.58,5.046,4.571,-0.47500000000000053
2023-10-06,1832.7401,5.079,4.782,-0.2969999999999997
2023-10-13,1932.9475,5.054,4.629,-0.4250000000000007
2023-10-20,1981.4226,5.084,4.924,-0.15999999999999925
2023-10-27,2007.0337,5.012,4.845,-0.16699999999999982
2023-11-03,1992.5283,4.832,4.558,-0.274
2023-11-10,1937.045,5.062,4.628,-0.43400000000000016
2023-11-17,1980.3853,4.907,4.441,-0.4660000000000002
2023-11-24,2002.325,4.959,4.484,-0.47499999999999964
2023-12-01,2071.2461,4.567,4.224,-0.34299999999999997
2023-12-08,2003.595,4.727,4.245,-0.4820000000000002
2023-12-15,2018.395,4.455,3.928,-0.5270000000000001
2023-12-22,2053.2949,4.34,3.908,-0.43199999999999994
2023-12-29,2062.795,4.25,3.86,-0.3900000000000001
2024-01-05,2045.8447,4.391,4.042,-0.3490000000000002
