Dates,MXWO Index,RMZ Index,SPX Index,BCOM Index
4/1/2002,1023.49,#N/A N/A,1172.51,91.4464
11/1/2002,997.01,#N/A N/A,1145.6,91.0633
18/1/2002,980.08,#N/A N/A,1127.58,88.738
25/1/2002,978.14,#N/A N/A,1133.28,89.0317
1/2/2002,967.44,#N/A N/A,1122.2,89.5971
8/2/2002,949.11,#N/A N/A,1096.22,90.0159
15/2/2002,961.94,#N/A N/A,1104.18,90.4934
22/2/2002,946.27,#N/A N/A,1089.84,90.1246
1/3/2002,980.73,#N/A N/A,1131.78,91.9384
8/3/2002,1020.41,#N/A N/A,1164.31,95.8259
15/3/2002,1020.33,#N/A N/A,1166.16,97.946
22/3/2002,1006.18,#N/A N/A,1148.7,98.4757
29/3/2002,1003.6,#N/A N/A,1147.39,99.5878
5/4/2002,990.93,#N/A N/A,1122.73,98.1368
12/4/2002,976.24,#N/A N/A,1111.01,94.1077
19/4/2002,996.91,#N/A N/A,1125.17,98.5504
26/4/2002,967.58,#N/A N/A,1076.32,98.0401
3/5/2002,968.42,#N/A N/A,1073.43,98.0585
10/5/2002,956.61,#N/A N/A,1054.99,99.6589
17/5/2002,994.87,#N/A N/A,1106.59,99.5452
24/5/2002,980.38,#N/A N/A,1083.82,97.6987
31/5/2002,967.85,#N/A N/A,1067.14,97.7548
7/6/2002,933.08,#N/A N/A,1027.53,96.8192
14/6/2002,905.7,#N/A N/A,1007.28,97.8441
21/6/2002,894.9,#N/A N/A,989.14,97.2445
28/6/2002,907.81,#N/A N/A,989.81,99.5183
5/7/2002,905.02,#N/A N/A,989.03,99.5901
12/7/2002,853.37,#N/A N/A,921.39,99.6161
19/7/2002,806.14,#N/A N/A,847.76,100.9846
26/7/2002,785.78,#N/A N/A,852.84,97.8074
2/8/2002,795.79,#N/A N/A,864.24,98.3099
9/8/2002,829.45,#N/A N/A,908.64,97.7519
16/8/2002,842.66,#N/A N/A,928.77,101.9192
23/8/2002,852.46,#N/A N/A,940.86,102.4176
30/8/2002,830.58,#N/A N/A,916.07,102.5808
6/9/2002,808.07,#N/A N/A,893.92,104.9222
13/9/2002,798.17,#N/A N/A,889.81,106.3866
20/9/2002,760.8,#N/A N/A,845.39,106.1428
27/9/2002,752.08,#N/A N/A,827.37,106.4657
4/10/2002,727.58,#N/A N/A,800.58,103.8998
11/10/2002,749.32,#N/A N/A,835.32,104.705
18/10/2002,789.83,#N/A N/A,884.39,106.6468
25/10/2002,792.81,#N/A N/A,897.65,104.6304
1/11/2002,798.85,#N/A N/A,900.96,104.8249
8/11/2002,800.4,#N/A N/A,894.74,102.3286
15/11/2002,809.75,#N/A N/A,909.83,102.2213
22/11/2002,828.58,#N/A N/A,930.55,105.7531
29/11/2002,833.47,#N/A N/A,936.31,105.2467
6/12/2002,810.42,#N/A N/A,912.23,105.3123
13/12/2002,793.31,#N/A N/A,889.48,109.3013
20/12/2002,796.21,#N/A N/A,895.75,111.2049
27/12/2002,784.06,#N/A N/A,875.4,112.6614
3/1/2003,813.91,#N/A N/A,908.59,114.733
10/1/2003,824.47,#N/A N/A,927.57,113.0309
17/1/2003,808.77,#N/A N/A,901.78,115.379
24/1/2003,777.97,#N/A N/A,861.4,117.0199
31/1/2003,767.48,#N/A N/A,855.7,118.6439
7/2/2003,750.08,#N/A N/A,829.69,121.0621
14/2/2003,754.25,#N/A N/A,834.89,120.5706
21/2/2003,763.52,#N/A N/A,848.17,122.2218
28/2/2003,752.86,#N/A N/A,841.15,122.5258
7/3/2003,737.98,#N/A N/A,828.89,124.0064
14/3/2003,740.35,#N/A N/A,833.27,117.9232
21/3/2003,785.87,#N/A N/A,895.79,111.3801
28/3/2003,762.95,#N/A N/A,863.5,112.3557
4/4/2003,774.86,#N/A N/A,878.85,111.2417
11/4/2003,770.3,#N/A N/A,868.3,112.2939
18/4/2003,792.77,#N/A N/A,893.58,114.9768
25/4/2003,794.41,#N/A N/A,898.81,112.6237
2/5/2003,822.5,#N/A N/A,930.08,112.0247
9/5/2003,831.39,#N/A N/A,933.41,116.6231
16/5/2003,844.29,#N/A N/A,944.3,119.4883
23/5/2003,836.94,#N/A N/A,933.22,118.8481
30/5/2003,857.65,#N/A N/A,963.59,118.8213
6/6/2003,883.29,#N/A N/A,987.76,120.8258
13/6/2003,887.46,#N/A N/A,988.61,116.9823
20/6/2003,894.19,#N/A N/A,995.69,117.5395
27/6/2003,874.18,#N/A N/A,976.22,115.2883
4/7/2003,883.66,#N/A N/A,985.7,116.1357
11/7/2003,889.53,#N/A N/A,998.14,117.015
18/7/2003,881.67,#N/A N/A,993.32,116.1704
25/7/2003,894.61,#N/A N/A,998.68,115.7571
1/8/2003,880.79,#N/A N/A,980.15,118.3628
8/8/2003,878.4,#N/A N/A,977.59,118.6134
15/8/2003,895.26,#N/A N/A,990.67,117.9608
22/8/2003,897.74,#N/A N/A,993.06,121.3215
29/8/2003,905.32,#N/A N/A,1008.01,120.8984
5/9/2003,922.87,#N/A N/A,1021.39,119.634
12/9/2003,922.99,#N/A N/A,1018.63,119.6774
19/9/2003,942.48,#N/A N/A,1036.3,117.8979
26/9/2003,912.19,#N/A N/A,996.85,119.0097
3/10/2003,944.23,#N/A N/A,1029.85,121.9401
10/10/2003,956.27,#N/A N/A,1038.06,127.1809
17/10/2003,959.43,#N/A N/A,1039.32,125.516
24/10/2003,946.11,#N/A N/A,1028.91,126.6318
31/10/2003,962.71,#N/A N/A,1050.71,126.5708
7/11/2003,967.33,#N/A N/A,1053.21,127.0949
14/11/2003,970.02,#N/A N/A,1050.35,130.8534
21/11/2003,955.98,#N/A N/A,1035.28,126.8988
28/11/2003,976.02,#N/A N/A,1058.2,126.0868
5/12/2003,987.82,#N/A N/A,1061.5,131.8001
12/12/2003,995.22,#N/A N/A,1074.14,136.6262
19/12/2003,1008.52,#N/A N/A,1088.67,136.7654
26/12/2003,1018.31,#N/A N/A,1095.89,134.6716
2/1/2004,1038.06,#N/A N/A,1108.48,135.2686
9/1/2004,1056.79,#N/A N/A,1121.86,142.2182
16/1/2004,1059.63,#N/A N/A,1139.83,139.9493
23/1/2004,1071.69,#N/A N/A,1141.55,141.2073
30/1/2004,1052.29,#N/A N/A,1131.13,137.6197
6/2/2004,1064.2,#N/A N/A,1142.76,137.2969
13/2/2004,1074.32,#N/A N/A,1145.81,140.5043
20/2/2004,1070.73,#N/A N/A,1144.11,140.9482
27/2/2004,1068.65,#N/A N/A,1144.94,146.4448
5/3/2004,1082.16,#N/A N/A,1156.87,146.0612
12/3/2004,1041.93,#N/A N/A,1120.57,145.6506
19/3/2004,1043.96,#N/A N/A,1109.78,151.2636
26/3/2004,1039.98,#N/A N/A,1108.06,148.0687
2/4/2004,1073.33,#N/A N/A,1141.81,150.0802
9/4/2004,1071.68,#N/A N/A,1139.32,151.5674
16/4/2004,1062.59,#N/A N/A,1134.61,148.8454
23/4/2004,1063.69,#N/A N/A,1140.6,145.4855
30/4/2004,1035.66,#N/A N/A,1107.31,148.0462
7/5/2004,1025.13,#N/A N/A,1098.7,151.2121
14/5/2004,1006.94,#N/A N/A,1095.7,149.0783
21/5/2004,1016.32,#N/A N/A,1093.56,148.3287
28/5/2004,1041.85,#N/A N/A,1120.68,150.4365
4/6/2004,1043.44,#N/A N/A,1122.5,148.1654
11/6/2004,1052.18,#N/A N/A,1136.47,145.7751
18/6/2004,1056.68,#N/A N/A,1135.02,147.2155
25/6/2004,1059.65,#N/A N/A,1134.43,147.0314
2/7/2004,1054.75,#N/A N/A,1125.38,145.1736
9/7/2004,1047.73,#N/A N/A,1112.81,147.0961
16/7/2004,1039.2,#N/A N/A,1101.4,146.6498
23/7/2004,1016.78,#N/A N/A,1086.2,145.2327
30/7/2004,1026.99,#N/A N/A,1101.72,146.4138
6/8/2004,1003.81,#N/A N/A,1063.97,144.8048
13/8/2004,999.32,#N/A N/A,1064.8,146.8723
20/8/2004,1023.34,#N/A N/A,1098.35,148.4827
27/8/2004,1032.6,#N/A N/A,1107.77,142.6336
3/9/2004,1036.24,#N/A N/A,1113.63,142.8045
10/9/2004,1049.52,#N/A N/A,1123.92,141.6543
17/9/2004,1051.62,#N/A N/A,1128.55,144.9174
24/9/2004,1041.53,#N/A N/A,1110.11,149.3367
1/10/2004,1062.85,#N/A N/A,1131.5,153.3178
8/10/2004,1064.1,#N/A N/A,1122.14,157.7358
15/10/2004,1051.21,#N/A N/A,1108.2,154.9765
22/10/2004,1049.82,#N/A N/A,1095.73,158.1304
29/10/2004,1072.7,#N/A N/A,1130.2,155.5494
5/11/2004,1108.5,#N/A N/A,1166.17,152.2651
12/11/2004,1122.84,#N/A N/A,1184.17,150.6085
19/11/2004,1121.21,#N/A N/A,1170.34,153.0469
26/11/2004,1132.85,#N/A N/A,1182.65,156.2232
3/12/2004,1144.32,#N/A N/A,1191.17,145.2207
10/12/2004,1128.1,#N/A N/A,1188,141.2706
17/12/2004,1139.29,#N/A N/A,1194.22,149.5043
24/12/2004,1163.05,#N/A N/A,1210.13,147.1413
31/12/2004,1169.34,#N/A N/A,1211.92,145.6045
7/1/2005,1139.91,#N/A N/A,1186.19,144.2124
14/1/2005,1141.07,#N/A N/A,1184.52,146.7939
21/1/2005,1128.22,#N/A N/A,1167.87,146.9969
28/1/2005,1133.4,#N/A N/A,1171.36,145.7699
4/2/2005,1157.97,#N/A N/A,1203.03,143.2307
11/2/2005,1163.3,#N/A N/A,1205.3,145.9448
18/2/2005,1169.16,#N/A N/A,1201.59,148.4769
25/2/2005,1177.14,#N/A N/A,1211.37,155.1462
4/3/2005,1192.43,#N/A N/A,1222.13,158.7195
11/3/2005,1181.57,#N/A N/A,1200.08,162.4011
18/3/2005,1169.19,#N/A N/A,1189.65,163.7396
25/3/2005,1147.04,#N/A N/A,1171.42,158.6448
1/4/2005,1148.16,#N/A N/A,1172.92,162.3892
8/4/2005,1153.65,#N/A N/A,1181.2,156.7287
15/4/2005,1123.82,#N/A N/A,1142.62,152.8844
22/4/2005,1129.86,#N/A N/A,1152.12,157.6812
29/4/2005,1123.64,#N/A N/A,1156.85,152.2941
6/5/2005,1140.62,#N/A N/A,1171.35,151.3207
13/5/2005,1118.4,#N/A N/A,1154.05,147.3258
20/5/2005,1137.93,#N/A N/A,1189.28,146.0784
27/5/2005,1147.67,#N/A N/A,1198.78,150.7233
3/6/2005,1146.65,#N/A N/A,1196.02,155.0813
10/6/2005,1147.4,#N/A N/A,1198.11,152.3899
17/6/2005,1166.84,826.04,1216.96,159.8518
24/6/2005,1149.81,810.6,1191.57,159.8394
1/7/2005,1147.83,822.42,1194.44,154.6591
8/7/2005,1156.7,844.19,1211.86,158.137
15/7/2005,1173.75,838.87,1227.92,159.5598
22/7/2005,1182.14,849.13,1233.68,155.6791
29/7/2005,1188.17,871.44,1234.18,159.3296
5/8/2005,1187.88,829.16,1226.42,162.2426
12/8/2005,1208.2,820.21,1230.39,166.111
19/8/2005,1190.99,814.55,1219.71,162.5831
26/8/2005,1184.73,817.1,1205.1,164.3925
2/9/2005,1207.36,837.13,1218.02,171.9748
9/9/2005,1225.59,852.01,1241.48,168.8037
16/9/2005,1220.98,844.24,1237.91,165.9012
23/9/2005,1204.53,818.51,1215.29,171.793
30/9/2005,1224.31,834.46,1228.81,178.2486
7/10/2005,1193.97,799.15,1195.9,173.7642
14/10/2005,1183.86,787.08,1186.57,174.0874
21/10/2005,1168.08,789.87,1179.59,170.3576
28/10/2005,1182.67,806.4,1198.41,169.9451
4/11/2005,1207.15,794.19,1220.14,166.2674
11/11/2005,1216.39,827.19,1234.71,166.126
18/11/2005,1227.14,834.89,1248.27,164.4198
25/11/2005,1243.4,853.56,1268.25,164.601
2/12/2005,1249.71,851.83,1265.08,172.7006
9/12/2005,1252.59,847.97,1259.37,175.2915
16/12/2005,1267.83,847.96,1267.32,173.426
23/12/2005,1270.98,850.54,1268.66,171.3134
30/12/2005,1257.78,837.68,1248.29,171.1493
6/1/2006,1308.15,876.42,1285.45,170.3521
13/1/2006,1306.77,874.31,1287.61,167.8655
20/1/2006,1281.7,872.32,1261.48,170.4305
27/1/2006,1311.68,899.06,1283.72,171.5887
3/2/2006,1296.13,887.08,1264.03,172.5555
10/2/2006,1291.21,883.92,1266.99,164.2848
17/2/2006,1301.88,910.91,1287.24,162.5153
24/2/2006,1313.12,916.83,1289.43,163.9018
3/3/2006,1311.7,911.98,1287.23,165.4992
10/3/2006,1303.84,939.34,1281.58,159.8464
17/3/2006,1338.58,974.48,1307.25,162.1859
24/3/2006,1335.52,948.57,1302.95,162.9718
31/3/2006,1335.07,955.04,1294.83,165.194
7/4/2006,1346.29,916.9,1295.5,167.1954
14/4/2006,1334.98,892.26,1289.12,171.2418
21/4/2006,1370.01,924.62,1311.28,180.014
28/4/2006,1373.38,917.09,1310.61,175.7669
5/5/2006,1399.6,922.58,1325.76,178.9074
12/5/2006,1373.12,892.66,1291.24,185.2928
19/5/2006,1321.98,878.36,1267.03,174.5715
26/5/2006,1332.43,895.81,1280.16,179.299
2/6/2006,1342.76,914.53,1288.22,178.9127
9/6/2006,1283.85,918.66,1252.3,171.2167
16/6/2006,1278.1,906.95,1251.54,170.5151
23/6/2006,1277.43,893.37,1244.5,166.7656
30/6/2006,1319.93,930.76,1270.2,173.2354
7/7/2006,1319.12,940.1,1265.48,174.9655
14/7/2006,1274.69,928.71,1236.2,179.9619
21/7/2006,1279.85,931.85,1240.29,170.89
28/7/2006,1328.16,967.07,1278.55,174.3304
4/8/2006,1335.69,981.89,1279.36,177.484
11/8/2006,1318.5,944.1,1266.74,173.5543
18/8/2006,1354.91,968.1,1302.3,169.8548
25/8/2006,1345.06,976.36,1295.09,172.6367
1/9/2006,1365.17,989.47,1311.01,169.3068
8/9/2006,1344.48,995.53,1298.92,166.9659
15/9/2006,1355.1,1018.78,1319.87,157.4538
22/9/2006,1354.46,1010.05,1314.78,157.5777
29/9/2006,1373.37,1010.2,1335.85,159.9566
6/10/2006,1383.81,1029.07,1349.58,160.3727
13/10/2006,1398.12,1051.15,1365.62,164.2889
20/10/2006,1409.58,1053.9,1368.6,166.3369
27/10/2006,1424.88,1061.72,1377.34,169.7857
3/11/2006,1413.91,1029.07,1364.3,169.7304
10/11/2006,1431.87,1036.28,1380.9,168.2124
17/11/2006,1439.75,1054.52,1401.2,166.6758
24/11/2006,1447.92,1119.07,1400.95,168.8044
1/12/2006,1452.99,1115.78,1396.71,174.5902
8/12/2006,1469.49,1109.42,1409.84,169.092
15/12/2006,1483.77,1095.85,1427.09,168.323
22/12/2006,1472.99,1068.22,1410.77,166.4779
29/12/2006,1483.58,1090.63,1418.3,166.5087
5/1/2007,1469.8,1073.89,1409.71,157.9537
12/1/2007,1487.56,1119.02,1430.73,159.5606
19/1/2007,1493.56,1144.26,1430.5,160.4048
26/1/2007,1487.3,1167.25,1422.18,163.551
2/2/2007,1515.72,1192.15,1448.39,165.106
9/2/2007,1513.76,1212.28,1438.06,167.3898
16/2/2007,1536.74,1206.56,1455.54,168.2696
23/2/2007,1538.93,1186.23,1451.19,173.3881
2/3/2007,1470.04,1118.76,1387.17,168.0822
9/3/2007,1485.23,1131.61,1402.85,167.8426
16/3/2007,1469.67,1114.62,1386.95,166.7282
23/3/2007,1526.85,1143.56,1436.11,168.9752
30/3/2007,1514.18,1118.95,1420.86,171.9626
6/4/2007,1542.02,1132.23,1443.76,173.4819
13/4/2007,1553.66,1123.77,1452.85,174.3511
20/4/2007,1583.14,1133.35,1484.35,172.2961
27/4/2007,1584.09,1135.38,1494.07,173.5625
4/5/2007,1597.45,1107.99,1505.62,174.1742
11/5/2007,1593.84,1115.24,1505.85,173.442
18/5/2007,1604.62,1045.05,1522.75,173.268
25/5/2007,1599.4,1048.01,1515.73,172.3663
1/6/2007,1625.22,1111.4,1536.34,174.0295
8/6/2007,1585.93,1069.77,1507.67,169.8183
15/6/2007,1619.22,1055.29,1532.91,176.4838
22/6/2007,1598.1,1009.52,1502.56,170.8877
29/6/2007,1602.36,1002.06,1503.35,169.671
6/7/2007,1631.37,1039.86,1530.44,171.6349
13/7/2007,1654.8,1031.53,1552.5,174.5356
20/7/2007,1642.2,1000.02,1534.1,173.4794
27/7/2007,1555.57,911.02,1458.95,170.2963
3/8/2007,1542.18,911.61,1433.06,169.597
10/8/2007,1531.42,945.08,1453.64,167.5979
17/8/2007,1498.24,947.55,1445.94,164.2126
24/8/2007,1552.63,969.25,1479.37,164.4112
31/8/2007,1561.59,977.79,1473.99,165.5659
7/9/2007,1542.64,952.65,1453.55,167.1206
14/9/2007,1566.52,978.96,1484.25,172.3219
21/9/2007,1614.11,1006.19,1525.75,177.215
28/9/2007,1633.58,1015.55,1526.75,178.2499
5/10/2007,1663.74,1080.93,1557.59,175.7248
12/10/2007,1675.29,1057.25,1561.8,176.9367
19/10/2007,1627.42,982.77,1500.63,179.0457
26/10/2007,1658.95,1008.56,1535.28,180.6053
2/11/2007,1647.07,964.13,1509.65,184.1863
9/11/2007,1598.08,932.69,1453.7,184.5291
16/11/2007,1581.1,932.91,1458.74,181.7637
23/11/2007,1566.9,907.76,1440.7,184.2421
30/11/2007,1610.94,925.1,1481.14,177.2468
7/12/2007,1630.05,949.42,1504.66,178.3346
14/12/2007,1582.12,876.01,1467.95,180.6522
21/12/2007,1580.55,885.2,1484.46,183.0264
28/12/2007,1594.79,862.7,1478.49,184.7699
4/1/2008,1543.31,803.04,1411.63,189.8383
11/1/2008,1515.93,807.87,1401.02,190.2156
18/1/2008,1437.8,776.08,1325.19,188.174
25/1/2008,1438.96,844.25,1330.61,187.675
1/2/2008,1487.56,897.24,1395.42,189.8454
8/2/2008,1414.58,831.33,1331.29,197.0672
15/2/2008,1439.5,834.55,1350,199.5706
22/2/2008,1448.93,838.83,1353.11,207.7163
29/2/2008,1455.56,829.18,1330.63,215.5208
7/3/2008,1411.27,812.25,1293.37,215.0125
14/3/2008,1407.99,831.78,1288.14,215.8308
21/3/2008,1406.98,897.79,1329.51,197.3337
28/3/2008,1435.62,874.91,1315.22,205.0852
4/4/2008,1492.57,930.26,1370.4,204.7007
11/4/2008,1461.42,892.1,1332.83,209.2178
18/4/2008,1504.56,935.74,1390.33,214.3102
25/4/2008,1514.52,959.06,1397.84,212.9373
2/5/2008,1530.19,950.05,1413.9,208.1231
9/5/2008,1513.69,917.08,1388.28,216.5108
16/5/2008,1555.61,952.69,1425.35,216.3122
23/5/2008,1517.41,907.26,1375.93,219.5546
30/5/2008,1525.73,926.77,1400.38,213.9473
6/6/2008,1496.48,903.6,1360.68,223.729
13/6/2008,1459.96,895.7,1360.03,226.024
20/6/2008,1430.44,864.39,1317.93,230.1422
27/6/2008,1397.59,820.58,1278.38,234.1155
4/7/2008,1367.04,801.98,1262.9,237.796
11/7/2008,1345.47,795.45,1239.49,231.0481
18/7/2008,1362.52,825.89,1260.68,213.4525
25/7/2008,1360.69,835.71,1257.76,203.7505
1/8/2008,1351.91,843.84,1260.31,204.3462
8/8/2008,1357.83,876.34,1296.32,189.2995
15/8/2008,1342.97,873.37,1298.2,187.1523
22/8/2008,1337.53,854.46,1292.2,192.9196
29/8/2008,1344.87,859.76,1282.83,189.8888
5/9/2008,1269.13,856.9,1242.31,178.5818
12/9/2008,1283.14,880.07,1251.7,175.7633
19/9/2008,1286.44,913.61,1255.08,175.3757
26/9/2008,1250.37,866.08,1213.01,176.7898
3/10/2008,1138.67,740.95,1099.23,159.0168
10/10/2008,910.33,669.03,899.22,142.1645
17/10/2008,950.77,591.88,940.55,138.0514
24/10/2008,871.64,488.59,876.77,126.1956
31/10/2008,957.25,580.14,968.75,131.9721
7/11/2008,939.28,535.54,930.99,127.7051
14/11/2008,879.42,436.1,873.29,124.1026
21/11/2008,794.84,352.5,800.03,117.7043
28/11/2008,892.93,437.96,896.24,122.7531
5/12/2008,848.4,453.81,876.07,106.0916
12/12/2008,885.37,463.87,879.73,112.6442
19/12/2008,906.92,501.26,887.88,111.2768
26/12/2008,893.42,492.28,872.8,112.5715
2/1/2009,945.97,492.63,931.8,119.8059
9/1/2009,922.63,459.94,890.35,118.2681
16/1/2009,865.83,453.32,850.12,112.8287
23/1/2009,825.38,432.34,831.95,113.2346
30/1/2009,838.83,417.55,825.88,110.9304
6/2/2009,870.74,431.93,868.6,113.1435
13/2/2009,837.02,370.93,826.84,108.1605
20/2/2009,772.84,355.4,770.05,102.8844
27/2/2009,750.86,326.92,735.09,105.988
6/3/2009,697.5,287.87,683.38,105.8337
13/3/2009,756.41,349.34,756.55,105.9414
20/3/2009,789.93,312.25,768.54,112.8064
27/3/2009,824.69,331.75,815.94,110.1822
3/4/2009,854.9,389.07,842.5,113.6754
10/4/2009,861.96,407.94,856.56,113.1206
17/4/2009,881.27,430.21,869.6,113.575
24/4/2009,882.26,444.87,866.23,111.0304
1/5/2009,896.22,419.85,877.52,114.1291
8/5/2009,953.57,460.92,929.23,120.8343
15/5/2009,920.85,402.92,882.88,117.6966
22/5/2009,941.25,415.89,887,120.6534
29/5/2009,970,446.85,919.14,124.9324
5/6/2009,982.29,466.12,940.09,127.0613
12/6/2009,994.39,457.42,946.21,128.8919
19/6/2009,964.8,429.13,921.23,124.7299
26/6/2009,963.77,426.52,918.9,123.9189
3/7/2009,946.8,408.96,896.42,121.0194
10/7/2009,921.4,393.38,879.13,113.9886
17/7/2009,982.5,421.99,940.38,120.289
24/7/2009,1027.49,457.04,979.26,123.3155
31/7/2009,1044.75,474.1,987.48,126.4754
7/8/2009,1063.21,552.29,1010.48,130.2414
14/8/2009,1063.98,524.29,1004.09,127.5107
21/8/2009,1080.57,531.23,1026.13,127.5883
28/8/2009,1094.09,546.41,1028.93,127.8445
4/9/2009,1075.41,514.55,1016.4,122.9308
11/9/2009,1119.22,549.19,1042.73,123.7917
18/9/2009,1139.43,597.01,1068.3,127.5097
25/9/2009,1115.4,562.63,1044.38,123.3671
2/10/2009,1088.9,540.15,1025.21,124.1737
9/10/2009,1139.84,569.55,1071.49,129.1767
16/10/2009,1156.2,561.63,1087.68,134.3211
23/10/2009,1153.42,562.36,1079.6,137.318
30/10/2009,1106.17,543.91,1036.2,131.8621
6/11/2009,1132.19,542.75,1069.3,131.4192
13/11/2009,1158.26,575.96,1093.48,131.6753
20/11/2009,1145.72,572.69,1091.38,134.9036
27/11/2009,1144.58,555.76,1091.49,135.3235
4/12/2009,1168.9,606.35,1105.98,134.7893
11/12/2009,1155.54,595.54,1106.41,133.1536
18/12/2009,1144.11,604.92,1102.47,135.4904
25/12/2009,1171.56,635.09,1126.48,138.0283
1/1/2010,1168.47,616,1115.1,139.1873
8/1/2010,1198.26,613.8,1144.98,142.4108
15/1/2010,1195.66,613.65,1136.03,138.0864
22/1/2010,1149.89,586.33,1091.76,134.8958
29/1/2010,1119.54,581.89,1073.87,129.0506
5/2/2010,1095.48,579.61,1066.19,126.5582
12/2/2010,1107.32,575.08,1075.51,130.9984
19/2/2010,1134.45,607.02,1109.17,134.8378
26/2/2010,1133.35,612.26,1104.49,133.8318
5/3/2010,1170.46,636.16,1138.7,134.6791
12/3/2010,1187.37,658.89,1149.99,132.4443
19/3/2010,1190.78,671.45,1159.9,132.3821
26/3/2010,1193.41,679.87,1166.59,129.7026
2/4/2010,1212.76,673.53,1178.1,133.8558
9/4/2010,1223.32,701.18,1194.37,134.7324
16/4/2010,1222.25,677.11,1192.13,135.1308
23/4/2010,1225.38,725.05,1217.28,136.0527
30/4/2010,1198.56,717.04,1186.69,134.7037
7/5/2010,1099.58,672.41,1110.89,128.6608
14/5/2010,1123.78,697.65,1135.68,127.8429
21/5/2010,1073.61,661.87,1087.69,123.3455
28/5/2010,1080.3,676.36,1089.41,125.3626
4/6/2010,1060.27,635.05,1064.88,122.0239
11/6/2010,1080.68,683.76,1091.6,125.0619
18/6/2010,1115.35,699.18,1117.51,128.4524
25/6/2010,1079.52,677.89,1076.77,128.7508
2/7/2010,1036.62,623.78,1022.58,123.9871
9/7/2010,1091.53,657.75,1077.96,126.9449
16/7/2010,1089.89,645.42,1064.88,127.5592
23/7/2010,1117.45,686.06,1102.66,129.9001
30/7/2010,1124.83,698.96,1101.6,134.2481
6/8/2010,1152.25,707.71,1121.64,135.315
13/8/2010,1103.56,679.82,1079.25,132.7604
20/8/2010,1093.77,676.18,1071.69,131.387
27/8/2010,1089.24,689.13,1064.59,131.5846
3/9/2010,1131.49,729.91,1104.51,134.9887
10/9/2010,1139.02,715.86,1109.55,135.618
17/9/2010,1156.1,728.17,1125.59,138.4152
24/9/2010,1183.03,726.96,1148.67,140.2264
1/10/2010,1184.19,719.79,1146.24,139.1355
8/10/2010,1209.77,736.9,1165.15,144.3944
15/10/2010,1223.43,746.71,1176.19,145.6745
22/10/2010,1222.96,761.96,1183.08,144.8354
29/10/2010,1222.23,748.4,1183.26,147.2686
5/11/2010,1264.73,785.28,1225.85,153.2126
12/11/2010,1236.35,742.96,1199.21,147.7965
19/11/2010,1235.33,728,1199.73,145.1012
26/11/2010,1210.36,735.33,1189.4,146.3423
3/12/2010,1247.15,747.97,1224.71,153.8095
10/12/2010,1256.52,738.64,1240.4,153.4196
17/12/2010,1257.84,730.23,1243.91,155.1857
24/12/2010,1274.42,748.62,1256.77,158.8899
31/12/2010,1280.07,760.96,1257.64,162.3929
7/1/2011,1281.41,756.01,1271.5,157.8586
14/1/2011,1309,765.36,1293.24,161.6715
21/1/2011,1302.54,762.94,1283.35,161.9116
28/1/2011,1302.13,773.49,1276.34,161.29
4/2/2011,1331.65,781.74,1310.87,163.9771
11/2/2011,1340.99,801.49,1329.15,162.4584
18/2/2011,1362.62,804.15,1343.01,162.9797
25/2/2011,1341.3,800.6,1319.88,165.3397
4/3/2011,1348.44,790.62,1321.15,169.2792
11/3/2011,1315.07,790.8,1304.28,163.349
18/3/2011,1287.13,779.61,1279.21,164.8079
25/3/2011,1325.85,784.51,1313.8,168.7355
1/4/2011,1341.45,803.85,1332.41,170.0157
8/4/2011,1351.43,788.98,1328.17,173.8811
15/4/2011,1338.04,809.48,1319.68,170.666
22/4/2011,1361.03,823.27,1337.39,174.2186
29/4/2011,1388.62,847.89,1363.61,175.4211
6/5/2011,1359.27,827.59,1340.2,159.5043
13/5/2011,1343.17,827.07,1337.77,159.8395
20/5/2011,1336.65,829.13,1333.27,162.352
27/5/2011,1338.47,843.01,1331.1,165.3465
3/6/2011,1320.11,828.25,1300.16,165.8851
10/6/2011,1288.49,793.58,1270.98,165.6002
17/6/2011,1280.58,808.68,1271.5,158.9996
24/6/2011,1275.45,804.96,1268.45,155.5094
1/7/2011,1343.81,839.92,1339.67,156.8665
8/7/2011,1343.13,860.26,1343.8,160.8306
15/7/2011,1313.17,841.41,1316.14,164.5448
22/7/2011,1348.69,866.93,1345.02,165.2773
29/7/2011,1306.05,836.64,1292.28,162.8146
5/8/2011,1194.05,732.51,1199.38,156.1495
12/8/2011,1180.82,749.47,1178.81,157.0312
19/8/2011,1131.69,726.3,1123.53,159.0033
26/8/2011,1163.02,752.15,1176.8,161.1418
2/9/2011,1175.26,755.7,1173.97,162.5149
9/9/2011,1134.68,750.95,1154.23,160.6014
16/9/2011,1176.03,779.59,1216.01,157.4798
23/9/2011,1094.92,710.41,1136.43,143.0863
30/9/2011,1104.06,698.52,1131.42,140.2016
7/10/2011,1126.15,683.82,1155.46,141.8116
14/10/2011,1186.4,729.14,1224.58,148.209
21/10/2011,1194.33,756.83,1238.25,144.9473
28/10/2011,1254.2,805.5,1285.09,150.8745
4/11/2011,1203.07,789.22,1253.23,149.4832
11/11/2011,1205.46,784.26,1263.86,148.9295
18/11/2011,1157.5,757.96,1215.65,144.898
25/11/2011,1097.81,714.93,1158.67,141.7362
2/12/2011,1187.64,757.89,1244.28,146.2884
9/12/2011,1187.29,769.65,1255.19,142.9838
16/12/2011,1146.48,770.58,1219.66,137.0063
23/12/2011,1182.24,801.67,1265.33,141.1978
30/12/2011,1182.59,796.76,1257.61,140.6802
6/1/2012,1191.67,793.9,1277.81,142.5498
13/1/2012,1201.06,801.87,1289.09,140.5055
20/1/2012,1235.64,823.67,1315.38,141.242
27/1/2012,1246.04,849.83,1316.33,146.623
3/2/2012,1273.74,868.1,1344.9,145.5442
10/2/2012,1269.66,849.62,1342.64,144.8869
17/2/2012,1288.05,853.05,1361.23,145.7564
24/2/2012,1300.57,844.79,1365.74,149.3519
2/3/2012,1298.5,839.12,1369.63,147.6924
9/3/2012,1291.86,839.69,1370.87,145.3984
16/3/2012,1320.96,863.15,1404.17,146.2257
23/3/2012,1308.25,860.29,1397.11,144.0591
30/3/2012,1312.01,874.69,1408.47,141.9021
6/4/2012,1289.03,863.59,1398.08,141.6643
13/4/2012,1268.35,853.49,1370.26,139.462
20/4/2012,1281.71,878.97,1378.53,138.1999
27/4/2012,1298.71,899.89,1403.36,140.6345
4/5/2012,1264.99,894.08,1369.1,137.1364
11/5/2012,1242.4,898.17,1353.39,134.7538
18/5/2012,1178.43,835.69,1295.22,136.0004
25/5/2012,1188.56,857.12,1317.82,132.6133
1/6/2012,1152.97,833.61,1278.05,126.8123
8/6/2012,1188.86,869.5,1325.66,128.8026
15/6/2012,1208.53,871.03,1342.84,128.7892
22/6/2012,1205.67,865.53,1335.02,128.274
29/6/2012,1235.72,899.47,1362.16,135.4213
6/7/2012,1229.36,909.9,1354.68,136.8853
13/7/2012,1225.55,915.92,1356.78,140.3428
20/7/2012,1231.35,905.3,1362.66,146.193
27/7/2012,1250.02,913.25,1385.97,143.4763
3/8/2012,1259.65,920.62,1390.99,142.9237
10/8/2012,1278.36,898.85,1405.87,143.2009
17/8/2012,1290.23,907.67,1418.16,143.1148
24/8/2012,1285.84,906.42,1411.13,145.357
31/8/2012,1279.21,912.21,1406.58,146.0275
7/9/2012,1312.08,925.39,1437.92,147.2613
14/9/2012,1347.61,938.4,1465.77,152.0129
21/9/2012,1338.05,906.77,1460.15,147.6541
28/9/2012,1311.5,891.79,1440.67,148.5061
5/10/2012,1334.63,893.69,1460.93,147.7888
12/10/2012,1306.02,887.86,1428.59,146.9175
19/10/2012,1322.28,898.85,1433.19,146.3712
26/10/2012,1300.23,874.15,1411.94,142.9996
2/11/2012,1305.77,891.63,1414.2,140.3656
9/11/2012,1276.02,871.57,1379.85,140.7895
16/11/2012,1253.31,853.26,1359.88,140.9461
23/11/2012,1304.85,875.56,1409.15,144.0779
30/11/2012,1315.49,876.98,1416.18,142.8028
7/12/2012,1320.74,890.02,1418.07,141.5128
14/12/2012,1325.49,880.94,1413.58,140.5362
21/12/2012,1341.06,902.68,1430.15,139.2618
28/12/2012,1326.84,894.87,1402.43,139.0837
4/1/2013,1370.11,920.01,1466.47,137.734
11/1/2013,1381.94,923.5,1472.05,138.5452
18/1/2013,1388.11,935.12,1485.98,141.4769
25/1/2013,1405.47,947.98,1502.96,140.6473
1/2/2013,1416.79,941.84,1513.17,142.8892
8/2/2013,1410.44,944.91,1517.93,141.2078
15/2/2013,1406.92,949.22,1519.79,139.1974
22/2/2013,1402.05,951.73,1515.6,136.6902
1/3/2013,1401.75,950.14,1518.2,135.7656
8/3/2013,1428.72,957.69,1551.18,137.2526
15/3/2013,1444.48,963.08,1560.7,138.3651
22/3/2013,1432.33,957.65,1556.89,138.0096
29/3/2013,1434.51,969.48,1569.19,137.4762
5/4/2013,1419.11,990.46,1553.28,134.0849
12/4/2013,1456.54,1014.91,1588.85,133.855
19/4/2013,1422.25,1013.53,1555.25,131.5112
26/4/2013,1457.8,1012.98,1582.24,131.9185
3/5/2013,1482.46,1035.23,1614.42,133.1178
10/5/2013,1495.84,1043.31,1633.7,131.9441
17/5/2013,1512.98,1061.59,1667.47,131.7001
24/5/2013,1492.74,1021.85,1649.6,131.9755
31/5/2013,1471.93,969.02,1630.74,130.6295
7/6/2013,1470.22,967.01,1643.38,131.2979
14/6/2013,1463.83,959.4,1626.73,130.3727
21/6/2013,1421.19,909.94,1592.43,127.2764
28/6/2013,1433.55,945.7,1606.28,124.4663
5/7/2013,1449.05,946.57,1631.89,125.5383
12/7/2013,1498.31,978.84,1680.19,128.4478
19/7/2013,1513.52,992.55,1692.09,129.6615
26/7/2013,1516.21,978.46,1691.65,126.6167
2/8/2013,1533.85,943.26,1709.67,125.6846
9/8/2013,1526.9,944.78,1691.42,125.5741
16/8/2013,1508.8,880.61,1655.83,129.6059
23/8/2013,1508.49,901.65,1663.5,130.1809
30/8/2013,1472.74,883.95,1632.97,130.4445
6/9/2013,1502.4,887.38,1655.17,130.7701
13/9/2013,1533.72,906.98,1687.99,129.3204
20/9/2013,1563.26,928.6,1709.91,128.294
27/9/2013,1554.99,918.37,1691.75,128.0086
4/10/2013,1547.5,906.28,1690.5,127.2601
11/10/2013,1557.35,932.68,1703.2,127.7841
18/10/2013,1598.14,958.77,1744.5,128.6925
25/10/2013,1607.96,975.58,1759.77,127.5148
1/11/2013,1597.86,952.51,1761.64,123.8667
8/11/2013,1596.28,913.02,1770.61,123.2578
15/11/2013,1621.5,924.66,1798.18,123.2125
22/11/2013,1623.15,904.59,1804.76,123.8111
29/11/2013,1628.42,895.54,1805.81,124.2192
6/12/2013,1612.61,902.86,1805.09,125.3806
13/12/2013,1587.69,879.61,1775.32,126.1128
20/12/2013,1626.66,895.05,1818.32,127.5852
27/12/2013,1654.16,895.43,1841.4,127.6106
3/1/2014,1646.05,897.31,1831.37,124.9074
10/1/2014,1655.11,912.25,1842.37,123.6354
17/1/2014,1657.32,916.68,1838.7,125.1627
24/1/2014,1618.36,913.22,1790.29,127.0015
31/1/2014,1598.46,928.56,1782.59,126.1206
7/2/2014,1611.78,935.64,1797.02,128.4797
14/2/2014,1650.12,954.44,1838.63,130.6566
21/2/2014,1659.85,958.8,1836.25,133.6884
28/2/2014,1675.4,971.73,1859.45,133.9783
7/3/2014,1681.17,966.55,1878.04,136.1425
14/3/2014,1641.13,966.63,1841.13,134.8972
21/3/2014,1653.38,963.48,1866.52,132.944
28/3/2014,1661.84,964.34,1857.62,134.7452
4/4/2014,1676.25,977.33,1865.09,134.746
11/4/2014,1638.43,968.27,1815.69,136.4015
18/4/2014,1670.6,988.46,1864.85,137.6799
25/4/2014,1670.76,989.94,1863.4,138.0458
2/5/2014,1688.99,1006.3,1881.14,136.675
9/5/2014,1683.36,1017.9,1878.48,135.7618
16/5/2014,1683.69,1022.37,1877.86,135.2348
23/5/2014,1697.94,1015.58,1900.53,135.713
30/5/2014,1715.18,1023.13,1923.57,133.8324
6/6/2014,1734.47,1041.73,1949.44,133.7139
13/6/2014,1727.21,1017.49,1936.16,134.7728
20/6/2014,1747.43,1033.45,1962.87,136.5546
27/6/2014,1740.86,1031.8,1960.96,135.8867
4/7/2014,1763.44,1027.31,1985.44,134.2159
11/7/2014,1736.02,1038.03,1967.57,130.1882
18/7/2014,1744.31,1051.96,1978.22,129.2916
25/7/2014,1748.25,1045.08,1978.34,129.3045
1/8/2014,1705.76,1027.09,1925.15,127.089
8/8/2014,1690.59,1028.43,1931.59,127.3322
15/8/2014,1714.26,1044.14,1955.06,125.7131
22/8/2014,1735.96,1051.97,1988.4,125.4217
29/8/2014,1748.69,1056.64,2003.37,126.5745
5/9/2014,1750.63,1067.15,2007.71,124.8522
12/9/2014,1729.5,1009.9,1985.54,121.2991
19/9/2014,1740.32,1006.89,2010.4,119.485
26/9/2014,1707.87,995.06,1982.85,119.1847
3/10/2014,1675.29,993.58,1967.9,118.0182
10/10/2014,1626.68,1009.72,1906.13,118.2045
17/10/2014,1613.56,1026.61,1886.76,117.4452
24/10/2014,1667.88,1058.86,1964.58,116.5802
31/10/2014,1708.09,1085.19,2018.05,117.7365
7/11/2014,1707.01,1082.23,2031.92,117.6761
14/11/2014,1717.2,1075.07,2039.82,116.8782
21/11/2014,1737.24,1085.46,2063.5,118.1138
28/11/2014,1739.5,1103.72,2067.56,112.9451
5/12/2014,1738.52,1103.58,2075.37,112.2006
12/12/2014,1675.04,1105.51,2002.33,110.7697
19/12/2014,1717,1121.53,2070.65,108.66
26/12/2014,1729.42,1135.08,2088.77,106.4859
2/1/2015,1704.71,1134.21,2058.2,103.8614
9/1/2015,1683.8,1174.16,2044.81,103.6223
16/1/2015,1675.15,1204.35,2019.42,103.3062
23/1/2015,1707.74,1212.1,2051.82,101.131
30/1/2015,1677.54,1191.74,1994.99,100.8413
6/2/2015,1720.55,1172.88,2055.47,102.6488
13/2/2015,1752.18,1170.07,2096.99,104.472
20/2/2015,1768.09,1163.57,2110.3,102.7283
27/2/2015,1772.86,1146.65,2104.5,103.4379
6/3/2015,1741.99,1104.3,2071.26,100.7694
13/3/2015,1719.82,1130.62,2053.4,97.5777
20/3/2015,1774.57,1193.51,2108.1,99.5455
27/3/2015,1744.82,1154.88,2061.02,99.3652
3/4/2015,1750.26,1167.87,2066.96,99.6875
10/4/2015,1779.47,1135.86,2102.06,99.4714
17/4/2015,1769.01,1124.62,2081.18,101.819
24/4/2015,1799.86,1135.42,2117.69,101.5906
1/5/2015,1787.4,1099.82,2108.29,103.3993
8/5/2015,1794.7,1105.64,2116.1,104.0993
15/5/2015,1807.06,1112.28,2122.73,105.3453
22/5/2015,1803.5,1098.21,2126.06,102.5038
29/5/2015,1779.31,1085.5,2107.39,100.9465
5/6/2015,1760.43,1058.35,2092.83,100.2458
12/6/2015,1770.17,1059.96,2094.11,100.5809
19/6/2015,1774.88,1077.37,2109.99,99.8353
26/6/2015,1776.22,1045.8,2101.49,101.1317
3/7/2015,1744.49,1048.94,2076.78,101.8648
10/7/2015,1743.32,1070.7,2076.62,99.3342
17/7/2015,1780.83,1080.81,2126.64,97.5677
24/7/2015,1745.5,1074.13,2079.65,93.2871
31/7/2015,1765.6,1086.5,2103.84,91.7827
7/8/2015,1747.34,1082.66,2077.57,90.4799
14/8/2015,1743.89,1095.75,2091.54,90.3553
21/8/2015,1650.96,1072.93,1970.89,87.8048
28/8/2015,1658.07,1039.75,1988.87,89.3579
4/9/2015,1595.71,990.04,1921.22,88.4894
11/9/2015,1626.99,1014.14,1961.05,88.9268
18/9/2015,1630.69,1044.09,1958.03,87.7272
25/9/2015,1594.7,1041.23,1931.34,88.4942
2/10/2015,1607.13,1053.83,1951.36,87.8914
9/10/2015,1673.77,1087.55,2014.89,91.0084
16/10/2015,1683.55,1100.63,2033.11,89.7835
23/10/2015,1706.61,1110,2075.15,87.4464
30/10/2015,1705.8,1098.6,2079.36,87.4289
6/11/2015,1704.39,1075.06,2099.2,85.2346
13/11/2015,1654.3,1047.65,2023.04,82.4332
20/11/2015,1702.83,1085.82,2089.17,81.4234
27/11/2015,1700.29,1096.5,2090.11,81.0962
4/12/2015,1694.78,1083.96,2091.69,81.7016
11/12/2015,1637.83,1062.75,2012.37,78.4224
18/12/2015,1633.75,1081.27,2005.55,77.4523
25/12/2015,1673.3,1099.84,2060.99,78.4851
1/1/2016,1662.79,1100.94,2043.94,78.5588
8/1/2016,1561.47,1068.92,1922.03,76.7265
15/1/2016,1521,1043.33,1880.33,73.4877
22/1/2016,1536.79,1054.15,1906.9,75.2355
29/1/2016,1562.18,1062.59,1940.24,77.2234
5/2/2016,1523.87,1040.29,1880.05,75.5965
12/2/2016,1486.45,995.54,1864.78,75.4389
19/2/2016,1538.17,1037.96,1917.78,75.1058
26/2/2016,1554.47,1059.01,1948.05,75.4617
4/3/2016,1608.04,1097.38,1999.99,78.3828
11/3/2016,1626.17,1115.9,2022.19,79.9471
18/3/2016,1645.57,1139.05,2049.58,80.7557
25/3/2016,1623.71,1122.7,2035.94,79.2517
1/4/2016,1640.14,1156.8,2072.78,77.9417
8/4/2016,1632.2,1150.05,2047.6,79.0288
15/4/2016,1670.47,1152.57,2080.73,80.3927
22/4/2016,1686.17,1130.4,2091.58,83.0537
29/4/2016,1670.8,1129.39,2065.3,85.5205
6/5/2016,1643.19,1181.77,2057.14,83.393
13/5/2016,1635.92,1162.95,2046.61,84.4663
20/5/2016,1639.85,1131.43,2052.32,84.8666
27/5/2016,1676.07,1153.05,2099.06,85.4675
3/6/2016,1678.58,1163.22,2099.13,87.1411
10/6/2016,1665.22,1165.7,2096.07,88.9427
17/6/2016,1635.78,1177.65,2071.22,88.7212
24/6/2016,1608.79,1176.35,2037.41,86.9557
1/7/2016,1660.26,1227.1,2102.95,89.6788
8/7/2016,1662.32,1241.34,2129.9,86.4023
15/7/2016,1700.57,1245.01,2161.74,86.6984
22/7/2016,1706.97,1267.32,2175.03,84.6352
29/7/2016,1721.79,1275.96,2173.6,84.2809
5/8/2016,1716.65,1246.5,2182.87,83.8543
12/8/2016,1736.1,1244.24,2184.05,84.0555
19/8/2016,1731.85,1220.68,2183.87,86.2364
26/8/2016,1726.08,1215.12,2169.04,84.9846
2/9/2016,1734.6,1233.52,2179.98,82.9889
9/9/2016,1707.94,1185.9,2127.81,84.0242
16/9/2016,1696.31,1176.2,2139.16,83.2357
23/9/2016,1729.7,1222.32,2164.69,84.3221
30/9/2016,1725.67,1195.57,2168.27,85.342
7/10/2016,1712.4,1131.38,2153.74,85.6414
14/10/2016,1693.71,1144.05,2132.98,86.3405
21/10/2016,1701.16,1148.73,2141.16,86.1053
28/10/2016,1690.96,1107.06,2126.41,85.9119
4/11/2016,1660.12,1084.11,2085.18,83.2943
11/11/2016,1696.99,1079.22,2164.45,82.3754
18/11/2016,1697.35,1082.22,2181.9,83.022
25/11/2016,1720.84,1100.23,2213.35,85.0319
2/12/2016,1708.94,1097.63,2191.95,87.0416
9/12/2016,1760.12,1140.56,2259.53,88.1431
16/12/2016,1754.74,1131.63,2258.07,87.1333
23/12/2016,1759.15,1129.14,2263.79,86.291
30/12/2016,1751.22,1147.44,2238.83,87.5144
6/1/2017,1783.1,1172.43,2276.98,87.3673
13/1/2017,1788.23,1148.96,2274.64,88.5432
20/1/2017,1782.71,1156.04,2271.31,88.376
27/1/2017,1803.39,1143.96,2294.69,87.977
3/2/2017,1805.51,1150.36,2297.42,87.9428
10/2/2017,1814.71,1163.32,2316.1,89.3574
17/2/2017,1836.5,1161.99,2351.16,88.1104
24/2/2017,1840.8,1184.59,2367.34,87.4836
3/3/2017,1848.98,1167.48,2383.12,87.1899
10/3/2017,1845.88,1114.5,2372.6,84.2675
17/3/2017,1863.08,1139.98,2378.25,85.1449
24/3/2017,1845.81,1140.99,2343.98,84.5258
31/3/2017,1853.69,1147.49,2362.72,85.3508
7/4/2017,1845.46,1158.37,2355.54,85.8354
14/4/2017,1832.28,1169.11,2328.95,86.2988
21/4/2017,1842.06,1179.68,2348.69,83.9044
28/4/2017,1878.28,1147.6,2384.2,84.0128
5/5/2017,1896.75,1140.73,2399.29,82.6787
12/5/2017,1892.97,1125.79,2390.9,83.4839
19/5/2017,1894.77,1137.83,2381.73,84.7155
26/5/2017,1912.21,1143.04,2415.82,84.0062
2/6/2017,1935.21,1153.9,2439.07,82.3265
9/6/2017,1922.79,1157.04,2431.77,82.4213
16/6/2017,1923.24,1171.86,2433.15,81.2691
23/6/2017,1925.02,1171.9,2438.3,79.6382
30/6/2017,1916.43,1154.77,2423.41,82.6017
7/7/2017,1913.18,1138.68,2425.18,81.8048
14/7/2017,1948.08,1152.99,2459.27,82.7031
21/7/2017,1958.77,1161.2,2472.54,82.988
28/7/2017,1960.32,1166.69,2472.1,84.4799
4/8/2017,1967.77,1163.21,2476.83,83.2769
11/8/2017,1937.73,1137.17,2441.32,83.6958
18/8/2017,1930.41,1136.8,2425.55,83.231
25/8/2017,1944.56,1158.51,2443.05,83.2926
1/9/2017,1965.79,1166.08,2476.55,84.9775
8/9/2017,1964.52,1174.46,2461.43,84.7622
15/9/2017,1987.72,1177.4,2500.23,85.1949
22/9/2017,1994.58,1150,2502.22,84.8572
29/9/2017,2000.55,1154.03,2519.36,84.4599
6/10/2017,2014.02,1157.04,2549.33,83.9256
13/10/2017,2028.01,1176.12,2553.17,85.8947
20/10/2017,2035.58,1160.68,2575.21,85.2688
27/10/2017,2034.6,1142.06,2581.07,85.8652
3/11/2017,2045.47,1152.41,2587.84,86.8778
10/11/2017,2040.25,1176.17,2582.3,87.2811
17/11/2017,2033.18,1171.45,2578.85,86.7657
24/11/2017,2059.54,1175.26,2602.42,86.9996
1/12/2017,2069.37,1170.05,2642.22,86.4793
8/12/2017,2073.46,1161.95,2651.5,84.0109
15/12/2017,2085.54,1174.24,2675.81,84.053
22/12/2017,2099.59,1146.05,2683.34,85.7451
29/12/2017,2103.45,1157.27,2673.61,88.1674
5/1/2018,2156.6,1131.16,2743.15,87.9152
12/1/2018,2185.31,1096.65,2786.24,88.7565
19/1/2018,2207.4,1097.87,2810.3,88.5425
26/1/2018,2248.93,1111.15,2872.87,90.7999
2/2/2018,2171.54,1073.94,2762.13,89.1213
9/2/2018,2050.9,1034.02,2619.55,85.6442
16/2/2018,2137.91,1047.38,2732.22,88.2043
23/2/2018,2140.91,1041.28,2747.3,88.6922
2/3/2018,2089.84,1020.14,2691.25,88.1477
9/3/2018,2149.32,1049.15,2786.57,87.9546
16/3/2018,2134.05,1061.11,2752.01,87.3633
23/3/2018,2036.55,1013.97,2588.26,87.4415
30/3/2018,2066.84,1052.22,2640.87,87.4729
6/4/2018,2052.78,1048.84,2604.47,86.9381
13/4/2018,2088.98,1040.96,2656.3,89.2762
20/4/2018,2099.74,1032.12,2670.14,89.8496
27/4/2018,2096.05,1069.6,2669.91,89.3829
4/5/2018,2089.44,1081.89,2663.42,89.9896
11/5/2018,2131.96,1095.31,2727.72,90.0377
18/5/2018,2120.8,1056.66,2712.97,90.4135
25/5/2018,2110.8,1087.1,2721.33,90.9191
1/6/2018,2109.19,1109.18,2734.62,90.4524
8/6/2018,2137.74,1122.72,2779.03,89.9754
15/6/2018,2134.15,1114.2,2779.66,87.7026
22/6/2018,2114.9,1141.94,2754.88,87.3203
29/6/2018,2089.3,1145.95,2718.37,87.4095
6/7/2018,2113.74,1166.97,2759.82,86.2079
13/7/2018,2134.6,1156.55,2801.31,83.8306
20/7/2018,2139.17,1140.13,2801.83,83.683
27/7/2018,2156.11,1131.03,2818.82,84.8391
3/8/2018,2155.39,1167.57,2840.35,84.8999
10/8/2018,2139.84,1149.15,2833.28,84.2307
17/8/2018,2138.11,1183.95,2850.13,83.3457
24/8/2018,2161.61,1175.02,2874.69,83.6904
31/8/2018,2175.5,1184.01,2901.52,83.736
7/9/2018,2137.6,1168.91,2871.68,82.5853
14/9/2018,2166.59,1169.06,2904.98,82.4586
21/9/2018,2200.01,1163.56,2929.67,84.4025
28/9/2018,2184.01,1146.51,2913.98,85.201
5/10/2018,2151.42,1111.18,2885.57,86.8993
12/10/2018,2063.44,1080.09,2767.13,86.2351
19/10/2018,2062.34,1111.14,2767.78,85.9472
26/10/2018,1981.89,1102.35,2658.69,84.9968
2/11/2018,2036.7,1103.35,2723.06,83.8847
9/11/2018,2063.16,1142.18,2781.01,82.8946
16/11/2018,2031.76,1141.81,2736.27,83.9124
23/11/2018,1975.09,1132.69,2632.56,81.4831
30/11/2018,2041.36,1159.47,2760.17,82.5607
7/12/2018,1965.24,1163.94,2633.08,83.4889
14/12/2018,1942.55,1138.84,2599.95,81.2656
21/12/2018,1834.97,1063.67,2416.62,78.6952
28/12/2018,1870.8,1056.09,2485.74,77.5922
4/1/2019,1904.18,1051.07,2531.94,78.3352
11/1/2019,1957.17,1102.91,2596.26,79.6614
18/1/2019,2000.76,1125.76,2670.71,81.3791
25/1/2019,2001.86,1138.15,2664.76,81.0693
1/2/2019,2029.55,1171.49,2706.53,80.965
8/2/2019,2020.53,1193.38,2707.88,80.0655
15/2/2019,2066.59,1199.97,2775.6,80.9569
22/2/2019,2086.97,1201.89,2792.67,82.1246
1/3/2019,2096.35,1178.62,2803.69,80.966
8/3/2019,2051.12,1179.3,2743.07,80.4667
15/3/2019,2108.78,1199.78,2822.48,81.5838
22/3/2019,2094.81,1205.85,2800.71,81.7507
29/3/2019,2107.74,1217.06,2834.4,81.0872
5/4/2019,2149.85,1229.65,2892.74,82.3702
12/4/2019,2159.39,1231.32,2907.41,82.7086
19/4/2019,2160.36,1195.4,2905.03,81.7063
26/4/2019,2173.82,1214.3,2939.88,80.7614
3/5/2019,2177.77,1229.74,2945.64,79.8386
10/5/2019,2126.32,1217.53,2881.4,78.6618
17/5/2019,2116.51,1231.49,2859.53,79.7043
24/5/2019,2095.03,1235.04,2826.06,78.7052
31/5/2019,2046.25,1212.27,2752.06,77.7043
7/6/2019,2126.88,1238.94,2873.34,77.148
14/6/2019,2130.95,1247.42,2886.98,77.8285
21/6/2019,2178.16,1251.28,2950.46,78.8373
28/6/2019,2178.35,1220.7,2941.76,79.653
5/7/2019,2205.57,1249.56,2990.41,79.1142
12/7/2019,2212.65,1248.07,3013.77,81.0222
19/7/2019,2194.61,1219.91,2976.61,79.3793
26/7/2019,2215.71,1228.9,3025.86,78.7409
2/8/2019,2149.99,1238.53,2932.05,77.2259
9/8/2019,2135.34,1257.71,2918.65,77.4239
16/8/2019,2108.5,1260.37,2888.68,76.7728
23/8/2019,2094.63,1249.57,2847.11,76.0653
30/8/2019,2138.52,1272.76,2926.46,77.0044
6/9/2019,2178.9,1290.16,2978.71,77.8857
13/9/2019,2205.81,1270.12,3007.39,78.6973
20/9/2019,2197.55,1290.84,2992.07,79.1971
27/9/2019,2175.54,1302.06,2961.79,78.34
4/10/2019,2153.82,1305.72,2952.01,77.9329
11/10/2019,2179.33,1297.87,2970.27,78.8301
18/10/2019,2195.28,1314.83,2986.2,78.6672
25/10/2019,2222.75,1315,3022.55,79.4979
1/11/2019,2252.07,1318.4,3066.91,80.2596
8/11/2019,2268.83,1272.61,3093.08,79.9057
15/11/2019,2282.8,1289.16,3120.46,79.0884
22/11/2019,2273.89,1274.02,3110.29,78.7265
29/11/2019,2292.26,1295.16,3140.98,77.1108
6/12/2019,2296.39,1289.55,3145.91,78.2393
13/12/2019,2319.73,1244.3,3168.8,79.4136
20/12/2019,2349.87,1265.93,3221.22,80.3939
27/12/2019,2364.9,1271.26,3240.02,81.3512
3/1/2020,2363.12,1270.48,3234.85,81.3663
10/1/2020,2377.62,1269.88,3265.35,80.7052
17/1/2020,2415.51,1304.2,3329.62,79.817
24/1/2020,2395.31,1313.03,3295.47,77.3191
31/1/2020,2342.41,1291.67,3225.52,74.8374
7/2/2020,2404.75,1312.35,3327.71,74.755
14/2/2020,2431.36,1355.02,3380.16,75.3841
21/2/2020,2402.8,1358.59,3337.75,76.2509
28/2/2020,2141.12,1186.52,2954.22,70.9799
6/3/2020,2149.29,1223.75,2972.37,70.7933
13/3/2020,1881.64,1062.7,2711.02,65.3051
20/3/2020,1650.94,790.88,2304.92,61.0998
27/3/2020,1827.17,933.71,2541.47,62.7145
3/4/2020,1776.86,834.59,2488.65,62.1957
10/4/2020,1971.96,1033.32,2789.82,63.4759
17/4/2020,2017.51,986.05,2874.56,62.0936
24/4/2020,1987.65,938.3,2836.74,60.2394
1/5/2020,2004.79,962.08,2830.71,60.7066
8/5/2020,2061.89,979.62,2929.8,62.32
15/5/2020,2008.41,889.54,2863.7,61.659
22/5/2020,2071.9,953.73,2955.45,62.74
29/5/2020,2147.88,997.11,3044.31,63.5353
5/6/2020,2266.76,1108.43,3193.93,64.6941
12/6/2020,2164.46,1051.52,3041.31,63.7057
19/6/2020,2208.97,1030.83,3097.74,64.5736
26/6/2020,2157.19,995.78,3009.05,63.2194
3/7/2020,2226.4,1042.5,3130.01,65.6325
10/7/2020,2259.6,1008.17,3185.04,66.636
17/7/2020,2293.92,1018.57,3224.73,66.4947
24/7/2020,2291.58,1012.08,3215.63,68.1503
31/7/2020,2304.98,1061.59,3271.12,68.6767
7/8/2020,2355.97,1079.14,3351.28,70.4501
14/8/2020,2384.2,1061.06,3372.85,70.8064
21/8/2020,2392.11,1056.46,3397.16,71.4586
28/8/2020,2456.86,1080.46,3508.01,73.1354
4/9/2020,2399.6,1075.26,3426.96,72.3908
11/9/2020,2368.14,1047.35,3340.97,71.5564
18/9/2020,2367.99,1045.04,3319.47,72.9672
25/9/2020,2326.85,1015.08,3298.46,70.687
2/10/2020,2362.41,1074.67,3348.44,69.8026
9/10/2020,2447.76,1090.07,3477.13,73.2507
16/10/2020,2440.14,1055.01,3483.81,73.384
23/10/2020,2430.54,1056.66,3465.39,73.5659
30/10/2020,2292.93,1000.55,3269.96,71.8436
6/11/2020,2470.05,1040.5,3509.44,72.8223
13/11/2020,2529.29,1128.16,3585.15,73.7271
20/11/2020,2540.02,1121.29,3557.54,74.1352
27/11/2020,2601.45,1121.32,3638.35,74.8153
4/12/2020,2639.66,1145.57,3699.12,74.2999
11/12/2020,2621.89,1117.14,3663.46,74.8682
18/12/2020,2666.3,1120.7,3709.41,77.3211
25/12/2020,2659.27,1124.61,3703.06,77.0269
1/1/2021,2690.04,1136.61,3756.07,78.0543
8/1/2021,2753.31,1107.05,3824.68,79.6586
15/1/2021,2714.81,1133.92,3768.25,80.4577
22/1/2021,2755.66,1146.39,3841.47,79.1128
29/1/2021,2661.69,1137.01,3714.24,80.0981
5/2/2021,2773.45,1175.1,3886.83,82.4711
12/2/2021,2818.85,1198.79,3934.83,84.0621
19/2/2021,2806.47,1185.69,3906.71,85.3002
26/2/2021,2726.91,1180.6,3811.15,85.2778
5/3/2021,2728.56,1179.18,3841.94,85.8592
12/3/2021,2807.21,1238.11,3943.34,85.9584
19/3/2021,2796.14,1212.97,3913.1,84.5202
26/3/2021,2814.86,1245.87,3974.54,84.1319
2/4/2021,2841.89,1251.5,4019.87,83.8339
9/4/2021,2910.1,1254.09,4128.8,84.0279
16/4/2021,2953.35,1282.45,4185.47,86.5268
23/4/2021,2946.11,1305.18,4180.17,88.4025
30/4/2021,2938.76,1323.2,4181.17,90.361
7/5/2021,2979.41,1316.36,4232.6,93.7349
14/5/2021,2938.63,1298.73,4173.85,91.9824
21/5/2021,2943.13,1307.78,4155.86,90.8946
28/5/2021,2979.3,1333.59,4204.11,92.8252
4/6/2021,2997.36,1371.66,4229.89,94.6845
11/6/2021,3012.67,1412.8,4247.44,94.9903
18/6/2021,2954.19,1360.91,4166.45,90.933
25/6/2021,3024.94,1386.44,4280.7,92.437
2/7/2021,3046.09,1374.12,4352.34,94.9753
9/7/2021,3053.12,1408.38,4369.55,93.4966
16/7/2021,3024.66,1417.02,4327.16,94.4305
23/7/2021,3072.38,1424.24,4411.79,95.6888
30/7/2021,3069.25,1427.39,4395.26,96.2754
6/8/2021,3098.06,1432.1,4436.52,94.6853
13/8/2021,3125.12,1427.98,4468,95.17
20/8/2021,3080.02,1422.62,4441.67,91.1605
27/8/2021,3133.67,1431.56,4509.37,96.3507
3/9/2021,3163.99,1481.37,4535.43,97.1166
10/9/2021,3122.07,1419.59,4458.58,97.1053
17/9/2021,3096.62,1413.05,4432.99,97.5465
24/9/2021,3103.53,1402.9,4455.48,98.9774
1/10/2021,3022.83,1386.52,4357.04,100.927
8/10/2021,3043.74,1384.75,4391.34,102.6205
15/10/2021,3109.47,1439.34,4471.37,104.729
22/10/2021,3151.16,1466.74,4544.9,103.7541
29/10/2021,3174.73,1470.3,4605.38,103.3578
5/11/2021,3232.26,1494.48,4697.53,102.7359
12/11/2021,3223.82,1494.08,4682.85,102.7969
19/11/2021,3219.9,1497.34,4697.96,102.3109
26/11/2021,3131.98,1473.01,4594.62,100.103
3/12/2021,3086.44,1467.82,4538.43,95.7939
10/12/2021,3188.26,1503.73,4712.02,96.8966
17/12/2021,3139.75,1512.03,4620.64,96.4217
24/12/2021,3206.85,1530.97,4725.79,98.8989
31/12/2021,3231.73,1577.23,4766.18,99.1694
7/1/2022,3177.54,1525.35,4677.03,101.2864
14/1/2022,3173.12,1513.51,4662.85,103.5431
21/1/2022,3025.1,1454.4,4397.94,105.3587
28/1/2022,3005.63,1449.57,4431.85,107.1477
4/2/2022,3061.46,1445.78,4500.53,109.5738
11/2/2022,3039.18,1424.13,4418.64,109.8974
18/2/2022,2983.59,1411.5,4348.87,111.6303
25/2/2022,2980.2,1441.72,4384.65,112.3975
4/3/2022,2896.52,1457.86,4328.87,127.0295
11/3/2022,2840.05,1434.93,4204.31,126.392
18/3/2022,3010.59,1469.13,4463.12,123.361
25/3/2022,3049.11,1476.35,4543.06,129.848
1/4/2022,3057.07,1531.75,4545.86,123.8774
8/4/2022,3012.19,1513.21,4488.28,126.4148
15/4/2022,2959.67,1502.36,4392.59,132.4326
22/4/2022,2882.45,1516.54,4271.78,129.0307
29/4/2022,2795.62,1433.28,4131.93,129.4827
6/5/2022,2762.21,1368.93,4123.34,130.3436
13/5/2022,2701.33,1325.83,4023.89,128.3122
20/5/2022,2655.91,1285.52,3901.36,130.5458
27/5/2022,2802.59,1356.28,4158.24,133.8715
3/6/2022,2779.06,1330.92,4108.54,133.8178
10/6/2022,2641.69,1255.26,3900.86,135.4343
17/6/2022,2485.77,1193.89,3674.84,126.7754
24/6/2022,2619.48,1264.41,3911.74,121.3129
1/7/2022,2559.95,1258.46,3825.33,117.1284
8/7/2022,2603.62,1247.14,3899.38,115.9131
15/7/2022,2568.64,1241.38,3863.16,113.4684
22/7/2022,2650.82,1282.63,3961.63,116.5236
29/7/2022,2746.37,1343.53,4130.29,121.827
5/8/2022,2752.06,1315.88,4145.19,117.8512
12/8/2022,2834.51,1381.08,4280.15,123.2038
19/8/2022,2787.71,1349.94,4228.48,122.3162
26/8/2022,2694.62,1298.79,4057.66,124.5972
2/9/2022,2605.21,1247.43,3924.26,119.1003
9/9/2022,2682.9,1298.75,4067.36,118.5179
16/9/2022,2569.29,1225.62,3873.33,116.7431
23/9/2022,2438.5,1145.79,3693.23,112.4019
30/9/2022,2378.65,1100.45,3585.62,111.4887
7/10/2022,2417.72,1067.06,3639.66,117.1356
14/10/2022,2376.64,1056.08,3583.07,113.6662
21/10/2022,2462.42,1088.95,3752.75,111.271
28/10/2022,2561.04,1155.95,3901.06,111.7561
4/11/2022,2507.22,1135.08,3770.55,117.4946
11/11/2022,2674.08,1198,3992.93,116.8796
18/11/2022,2658.9,1182.41,3965.34,114.794
25/11/2022,2703.67,1202.17,4026.12,114.9175
2/12/2022,2733.03,1210.6,4071.7,114.4683
9/12/2022,2662.86,1187.69,3934.38,111.7327
16/12/2022,2606.01,1157.03,3852.36,112.7092
23/12/2022,2605.19,1153.81,3844.82,112.5557
30/12/2022,2602.69,1146.11,3839.5,112.8052
6/1/2023,2649.76,1164.96,3895.08,108.1114
13/1/2023,2735.72,1212.97,3999.09,111.5772
20/1/2023,2725.4,1214.16,3972.61,112.1277
27/1/2023,2785.84,1258.1,4070.56,111.611
3/2/2023,2820.74,1279.62,4136.48,107.0711
10/2/2023,2783.91,1255.36,4090.46,108.6756
17/2/2023,2779.88,1245.5,4079.09,106.5327
24/2/2023,2706.91,1207.22,3970.04,105.5489
3/3/2023,2757.97,1221.6,4045.64,108.3105
10/3/2023,2657.41,1130.26,3861.59,104.5533
17/3/2023,2656.19,1115.64,3916.64,102.5945
24/3/2023,2692.55,1102.03,3970.99,103.0238
31/3/2023,2791.44,1165.02,4109.31,105.5076
7/4/2023,2790.38,1153.83,4105.02,106.2398
14/4/2023,2825.75,1130.95,4137.64,107.8204
21/4/2023,2823.07,1156.31,4133.52,105.5753
28/4/2023,2835.93,1172.87,4169.48,104.3114
5/5/2023,2821.99,1177.92,4136.25,102.9563
12/5/2023,2809.35,1160.66,4124.08,101.1839
19/5/2023,2842.76,1135.19,4191.98,101.0741
26/5/2023,2827.93,1124.21,4205.45,100.0794
2/6/2023,2873.37,1161.52,4282.37,99.8213
9/6/2023,2885.63,1173.66,4298.86,100.9596
16/6/2023,2962.34,1184.91,4409.59,105.1417
23/6/2023,2902.34,1127.43,4348.33,102.3456
30/6/2023,2966.72,1183.5,4450.38,101.4785
7/7/2023,2924.19,1184.77,4398.95,101.9122
14/7/2023,3017.94,1221,4505.42,104.5971
21/7/2023,3028.71,1232.02,4536.34,106.1991
28/7/2023,3057.84,1208.44,4582.23,107.2298
4/8/2023,2986.54,1183.32,4478.03,105.932
11/8/2023,2972.73,1187.09,4464.05,105.5861
18/8/2023,2897.5,1148.44,4369.71,104.2442
25/8/2023,2911.99,1156.73,4405.71,105.4753
1/9/2023,2989.51,1177.07,4515.77,106.7234
8/9/2023,2948.81,1162.69,4457.49,106.0826
15/9/2023,2960.98,1170.17,4450.32,107.4702
22/9/2023,2879.85,1108.96,4320.06,106.2245
29/9/2023,2853.24,1088.7,4288.05,104.8391
6/10/2023,2845.23,1069.24,4308.5,102.5742
13/10/2023,2862.14,1085.42,4327.78,105.287
20/10/2023,2791.24,1044.65,4224.16,105.8155
27/10/2023,2731.99,1016.87,4117.37,105.63
3/11/2023,2883.8,1100.38,4358.34,105.2272
10/11/2023,2900.76,1073.41,4415.24,101.6086
17/11/2023,2985.19,1113.26,4514.02,101.9202
24/11/2023,3015.19,1124.03,4559.34,101.4189
1/12/2023,3040.7,1175.22,4594.63,101.4705
8/12/2023,3047.21,1176.78,4604.37,97.8635
15/12/2023,3126.14,1244.76,4719.19,98.8993
22/12/2023,3152.26,1244.33,4754.63,99.3544
29/12/2023,3169.18,1248.83,4769.83,98.646
